-- MySQL dump 10.18  Distrib 10.3.27-MariaDB, for Linux (x86_64)
--
-- Host: localhost    Database: belscone_chamber
-- ------------------------------------------------------
-- Server version	10.3.27-MariaDB-cll-lve

/*!40101 SET @OLD_CHARACTER_SET_CLIENT=@@CHARACTER_SET_CLIENT */;
/*!40101 SET @OLD_CHARACTER_SET_RESULTS=@@CHARACTER_SET_RESULTS */;
/*!40101 SET @OLD_COLLATION_CONNECTION=@@COLLATION_CONNECTION */;
/*!40101 SET NAMES utf8mb4 */;
/*!40103 SET @OLD_TIME_ZONE=@@TIME_ZONE */;
/*!40103 SET TIME_ZONE='+00:00' */;
/*!40014 SET @OLD_UNIQUE_CHECKS=@@UNIQUE_CHECKS, UNIQUE_CHECKS=0 */;
/*!40014 SET @OLD_FOREIGN_KEY_CHECKS=@@FOREIGN_KEY_CHECKS, FOREIGN_KEY_CHECKS=0 */;
/*!40101 SET @OLD_SQL_MODE=@@SQL_MODE, SQL_MODE='NO_AUTO_VALUE_ON_ZERO' */;
/*!40111 SET @OLD_SQL_NOTES=@@SQL_NOTES, SQL_NOTES=0 */;

--
-- Table structure for table `artists`
--

DROP TABLE IF EXISTS `artists`;
/*!40101 SET @saved_cs_client     = @@character_set_client */;
/*!40101 SET character_set_client = utf8 */;
CREATE TABLE `artists` (
  `id` int(11) NOT NULL AUTO_INCREMENT,
  `groupId` int(11) DEFAULT NULL,
  PRIMARY KEY (`id`)
) ENGINE=InnoDB AUTO_INCREMENT=97 DEFAULT CHARSET=utf8mb4;
/*!40101 SET character_set_client = @saved_cs_client */;

--
-- Dumping data for table `artists`
--

LOCK TABLES `artists` WRITE;
/*!40000 ALTER TABLE `artists` DISABLE KEYS */;
INSERT INTO `artists` (`id`, `groupId`) VALUES (2,1),(3,4),(15,2),(16,1),(17,6),(18,4),(19,8),(20,6),(21,8),(22,0),(23,1),(24,5),(25,8),(26,0),(27,7),(28,4),(29,6),(30,8),(31,2),(32,10),(33,7),(34,6),(35,6),(36,2),(37,8),(38,9),(39,0),(40,2),(41,2),(42,2),(43,6),(44,7),(46,1),(47,7),(48,1),(49,0),(50,6),(51,0),(52,4),(53,2),(54,2),(55,6),(56,8),(57,2),(58,8),(60,4),(61,4),(62,2),(63,9),(64,8),(65,8),(66,6),(67,2),(68,6),(69,1),(70,2),(71,0),(72,1),(73,5),(74,2),(75,6),(76,2),(77,2),(78,6),(79,7),(80,6),(81,2),(82,1),(83,10),(84,8),(85,1),(86,6),(87,1),(88,7),(89,6),(90,1),(91,1),(92,3),(93,3),(94,4),(96,2);
/*!40000 ALTER TABLE `artists` ENABLE KEYS */;
UNLOCK TABLES;

--
-- Table structure for table `artists_translate`
--

DROP TABLE IF EXISTS `artists_translate`;
/*!40101 SET @saved_cs_client     = @@character_set_client */;
/*!40101 SET character_set_client = utf8 */;
CREATE TABLE `artists_translate` (
  `id` int(11) NOT NULL AUTO_INCREMENT,
  `artistId` int(11) DEFAULT NULL,
  `languageId` int(11) DEFAULT NULL,
  `name` varchar(45) DEFAULT NULL,
  `country` varchar(45) DEFAULT NULL,
  `instrument` varchar(45) DEFAULT NULL,
  PRIMARY KEY (`id`)
) ENGINE=InnoDB AUTO_INCREMENT=372 DEFAULT CHARSET=utf8mb4;
/*!40101 SET character_set_client = @saved_cs_client */;

--
-- Dumping data for table `artists_translate`
--

LOCK TABLES `artists_translate` WRITE;
/*!40000 ALTER TABLE `artists_translate` DISABLE KEYS */;
INSERT INTO `artists_translate` (`id`, `artistId`, `languageId`, `name`, `country`, `instrument`) VALUES (5,2,1,'Миша Кац','Франция','дирижер'),(6,2,2,'Misha Katz','France','conductor'),(7,2,3,'Миша Кац','Франция','Проводника'),(8,2,4,'Misha Katz','Frankreich','Dirigent'),(9,3,1,'Жером Перно','Франция','Виолончель'),(10,3,2,'Jerome Pernoo ','France','cello'),(11,3,3,'Джером ','Франция','Виолончель'),(12,3,4,'Jerome Pernoo ','Frankreich','Cello'),(26,11,1,'Имя','Страна','Инструмент'),(27,11,2,'Имя','Страна','Инструмент'),(28,11,3,'Имя','Страна','Инструмент'),(29,11,4,'Имя','Страна','Инструмент'),(44,15,1,'Алехандро Драго ','Аргентина','Скрипка'),(45,15,2,'Alejandro Drago ','Argentina','violin'),(46,15,3,'Алехандро Драго ','Аргентина','Скрипка'),(47,15,4,'Alejandro Drago ','Argentinien','Violine'),(48,16,1,'Александр Анисимов ','Россия-Беларусь','кундуктор'),(49,16,2,'Alexander Anissimov ','Russia-Belarus','counductor'),(50,16,4,'Alexander Alexandrowitsch Anissimow ','Russland-Weißrussland','counductor'),(51,16,3,'Александр Анисимов ','Россия-Беларусь','кундуктор'),(52,17,1,'Александр Могилевский ','Бельгия - Россия','Фортепиано'),(53,17,2,'Alexander Mogilevsky ','Belgium - Russia','piano'),(54,17,3,'Александр Могилевский ','Бельгия - Россия','Фортепиано'),(55,17,4,'Alexander Alexandrowitsch Mogilevski ','Belgien - Russland','Klavier'),(56,18,1,'Александр Рудин','Россия','Виолончель'),(57,18,2,'Alexander Rudin','Russia','cello'),(58,18,3,'Александр Рудин','Россия','Виолончель'),(59,18,4,'Alexander Rudin','Russland','Cello'),(60,19,1,'Александра Денисения','Беларусь','цимбалы'),(61,19,2,'Alexandra Denisenia','Belarus','dulcimer'),(62,19,3,'Александра Денисения','Беларусь','dulcimer'),(63,19,4,'Alexandra Denisenia','Belarus','Hackbrett'),(64,20,1,'Алексей Любимов','Россия','Фортепиано'),(65,20,2,'Alexey Lubimov','Russia','piano'),(66,20,3,'Алексей Любимов','Россия','Фортепиано'),(67,20,4,'Alexei Alexandrowitsch Lubimow','Russland','Klavier'),(68,21,1,'Алексей Зимаков','Россия','Гитара'),(69,21,2,'Alexey Zimakov','Russia','guitar'),(70,21,3,'Алексей Зимаков','Россия','Гитара'),(71,21,4,'Alexei Nikolajewitsch Zimakow','Russland','Gitarre'),(72,22,1,'Амаяк Дургарян','Испания-Армения','дирижер'),(73,22,2,'Amayak Dourgaryan','Spain-Armenia','conductor'),(74,22,3,'Амаяк Тургарян','Испания-Армения','Проводника'),(75,22,4,'Amayak Dourgaryan','Spanien-Armenien','Dirigent'),(76,23,1,'Андрей Галанов','Беларусь','дирижер'),(77,23,2,'Andrey Galanov','Belarus','conductor'),(78,23,3,'Андрей Галанов','Беларусь','Проводника'),(79,23,4,'Andrei Alexandrowitsch Galanow','Belarus','Dirigent'),(80,24,1,'Андрей Шинкевич','Германия-Беларусь','контрабас'),(81,24,2,'Andrey Shinkevich','Germany-Belarus','double-bass'),(82,24,3,'Андрей Шинкевич','Германия-Беларусь','двойной бас'),(83,24,4,'Andrei Alexandrowitsch Shinkewitsch','Deutschland-Weißrussland','Kontrabass'),(84,25,1,'Андрей Сиваков','Беларусь','Бандонеон'),(85,25,2,'Andrey Sivakov','Belarus','bandoneon'),(86,25,3,'Андрей Сиваков','Беларусь','Бандонеон'),(87,25,4,'Andrei Alexandrowitsch Sivakow','Belarus','Bandoneon'),(88,26,1,'Ангелина Ткачева','Греция-Беларусь','dulcimer'),(89,26,3,'Ангенина Ткачева','Греция-Беларусь','dulcimer'),(90,26,2,'Angenina Tkacheva','Greece-Belarus','dulcimer'),(91,26,4,'Angenina Tkacheva','Griechenland-Weißrussland','Hackbrett'),(92,27,1,'Антон Жданович','Чехия-Беларусь','Маримба'),(93,27,2,'Anton Zdanovic','Czech Republic-Belarus','marimba'),(94,27,3,'Антон Зданович','Чехия-Беларусь','Маримба'),(95,27,4,'Anton Zdanovic','Tschechische Republik-Weißrussland','Marimba'),(96,28,1,'Кристиан Флореа','Ромен-Испания','Виолончель'),(97,28,2,'Cristian Florea','Romain-Spain','cello'),(98,28,3,'Кристиан Флореа','Ромен-Испания','Виолончель'),(99,28,4,'Cristian Florea','Romain-Spanien','Cello'),(100,29,1,'Даша Мороз','Беларусь','Фортепиано'),(101,29,2,'Dasha Moroz','Belarus','piano'),(102,29,3,'Даша Мороз','Беларусь','Фортепиано'),(103,29,4,'Dasha Moroz','Belarus','Klavier'),(104,30,1,'Дмитрий Илларионов','Россия','Гитара'),(105,30,2,'Dmitry Illarionov','Russia','guitar'),(106,30,3,'Дмитрий Илларионов','Россия','Гитара'),(107,30,4,'Dmitri Nikolajewitsch Illarionow','Russland','Gitarre'),(108,31,1,'Дмитрий Смирнов','Россия','Скрипка'),(109,31,2,'Dmitry Smirnov','Russia','violin'),(110,31,3,'Дмитрий Смирнов','Россия','Скрипка'),(111,31,4,'Dmitri Alexandrowitsch Smirnow','Russland','Violine'),(112,32,1,'Ефрем Подгайц','Россия','композитор-чтец'),(113,32,2,'Efrem Podgaits','Russia','composer-narrator'),(114,32,3,'Ефрем Подгайтс','Россия','композитор-рассказчик'),(115,32,4,'Efrem Podgaits','Russland','Komponist-Erzähler'),(116,33,1,'Екатерина Корнишина','Россия','Флейта'),(117,33,2,'Ekaterina Kornishina','Russia','flute'),(118,33,3,'Екатерина Корнишина','Россия','Флейта'),(119,33,4,'Jekaterina Kornishina','Russland','Flöte'),(120,34,1,'Елизавета Леонская','Австрия','Фортепиано'),(121,34,2,'Elisabeth Leonskaja','Austria','piano'),(122,34,3,'Елизавета Леонская','Австрия','Фортепиано'),(123,34,4,'Elisabeth Leonskaja','Österreich','Klavier'),(124,35,1,'Элисо Вирсаладзе','Грузия - Россия','Фортепиано'),(125,35,2,'Eliso Virsaladze','Georgia - Russia','piano'),(126,35,3,'Элисо Вирсаладзе','Грузия - Россия','Фортепиано'),(127,35,4,'Eliso Virsaladze','Georgien - Russland','Klavier'),(128,36,1,'Эстер Ю','Корея-США','Скрипка'),(129,36,2,'Esther Yoo','Korea-USA','violin'),(130,36,3,'Эстер ео','Корея-США','Скрипка'),(131,36,4,'Esther Yoo','Korea-USA','Violine'),(132,37,1,'Фридрих Липс','Россия','Аккордеон'),(133,37,2,'Friedrich Lips','Russia','Accordeon'),(134,37,3,'Фридрих Липс','Россия','Аккордеон'),(135,37,4,'Friedrich Lips','Russland','Akkordeon'),(136,38,1,'Эвелина Шедрина','Беларусь','народный голос'),(137,38,2,'Evelina Shchadryna','Belarus','folk voice'),(138,38,4,'Evelina Shchadryna','Belarus','Volksstimme'),(139,38,3,'Эвелина Шадрина','Беларусь','народный голос'),(140,39,1,'Херардо Эстрада','Венесуэла','дирижер'),(141,39,2,'Gerardo Estrada','Venezuela','conductor'),(142,39,3,'Херардо Эстрада','Венесуэла','Проводника'),(143,39,4,'Gerardo Estrada','Venezuela','Dirigent'),(144,40,1,'Галя Бисенгалиева','Англия-Казахстан','Скрипка'),(145,40,2,'Galya Bisengalieva','England-Kazakhstan','violin'),(146,40,3,'Галя Бисенгалиева','Англия-Казахстан','Скрипка'),(147,40,4,'Galya Bisengalieva','England-Kasachstan','Violine'),(148,41,1,'Граф Муржа','Россия','Скрипка'),(149,41,2,'Graf Mourja','Russia','violin'),(150,41,3,'Граф Мурья','Россия','Скрипка'),(151,41,4,'Graf Mourja','Russland','Violine'),(152,42,1,'Геза Хосшу-Легоцкий','Швейцария-США','Скрипка'),(153,42,2,'Geza Hosshu-Legocki','Switzerland-USA','violin'),(154,42,3,'Геза Хосшу-Легоцкий','Швейцария-США','Скрипка'),(155,42,4,'Geza Hosshu-Legocki','Schweiz-USA','Violine'),(156,43,1,'Галина Черня-Стефанская','Польша','Фортепиано'),(157,43,2,'Halina Cherny-Stefanska','Poland','piano'),(158,43,3,'Галина Черня-Стефанская','Польша','Фортепиано'),(159,43,4,'Halina Cherny-Stefanska','Polen','Klavier'),(160,44,1,'Ги Туврон','Франция','Труба'),(161,44,2,'Guy Touvron','France','trumpet'),(162,44,3,'Гай Туврон','Франция','Труба'),(163,44,4,'Guy Touvron','Frankreich','Trompete'),(168,46,1,'Игорь Бухвалов','Беларусь','дирижер'),(169,46,2,'Igor Bukhvalov','Belarus','conductor'),(170,46,3,'Игорь Бухвалов','Беларусь','Проводника'),(171,46,4,'Igor Alexandrowitsch Bukhvalow','Belarus','Dirigent'),(172,47,1,'Джоан Рафаэль Ким','Корея','Арфа'),(173,47,2,'Joan Rafael Kim','Korea','harp'),(174,47,3,'Джоан Рафаэль Ким','Корея','Арфа'),(175,47,4,'Joan Rafael Kim','Korea','Harfe'),(176,48,1,'Йорн Бойзен','Германия','дирижер'),(177,48,2,'Jorn Boysen','Germany','conductor'),(178,48,3,'Джорн Бойсен','Германия','Проводника'),(179,48,4,'Jorn Boysen','Deutschland','Dirigent'),(180,49,1,'Бушкова Юлия','США','Скрипка'),(181,49,2,'Julia Bushkova','USA','violin'),(182,49,3,'Бушкова, Джулия','США','Скрипка'),(183,49,4,'Julia Buschkowa','Usa','Violine'),(184,50,1,'Кирилл Кедук','Беларусь-Польша','Фортепиано'),(185,50,2,'Kiryl Keduk','Belarus-Poland','piano'),(186,50,3,'Кирилл Кенук','Беларусь-Польша','Фортепиано'),(187,50,4,'Kiryl Keduk','Weißrussland-Polen','Klavier'),(188,51,1,'Леон Гурвич','Германия - Беларусь','дирижер'),(189,51,2,'Leon Gurvich','Germany - Belarus','conductor'),(190,51,3,'Леон Гурвич','Германия - Беларусь','Проводника'),(191,51,4,'Leon Gurwitsch','Deutschland - Weißrussland','Dirigent'),(192,52,1,'Леонид Горохов','Англии','Виолончель'),(193,52,2,'Leonid Gorokhov','England','cello'),(194,52,3,'Леонид Горохов','Англии','Виолончель'),(195,52,4,'Leonid Gorokhov','England','Cello'),(196,53,1,'Лиана Исакадзе','Германия-Грузия','Скрипка'),(197,53,2,'Liana Isakadze','Germany-Georgia','violin'),(198,53,3,'Лиана Исакадзе','Германия-Грузия','Скрипка'),(199,53,4,'Liana Isakadze','Deutschland-Georgien','Violine'),(200,54,1,'Марк Бушков','Бельгия','Скрипка'),(201,54,2,'Marc Bouchkov','Belgium','violin'),(202,54,3,'Марк Бучков','Бельгия','Скрипка'),(203,54,4,'Marc Bouchkov','Belgien','Violine'),(204,55,1,'Люка Дебарг','Франция','Фортепиано'),(205,55,2,'Lucas Debargue','France','piano'),(206,55,3,'Лукас Дебарг','Франция','Фортепиано'),(207,55,4,'Lucas Debargue','Frankreich','Klavier'),(208,56,1,'Марио Стефано Пьетродарчи','Италия','Бандонеон'),(209,56,2,'Mario Stefano Pietrodarchi','Italy','bandoneon'),(210,56,3,'Марио Стефано Пьетродарчи','Италия','Бандонеон'),(211,56,4,'Mario Stefano Pietrodarchi','Italien','Bandoneon'),(212,57,1,'Мария Надольная','Беларусь','Скрипка'),(213,57,2,'Mariya Nadolnaya','Belarus','violin'),(214,57,3,'Мария Надольная','Беларусь','Скрипка'),(215,57,4,'Mariya Nadolnaya','Belarus','Violine'),(216,58,1,'Макс Поллак','Австро-США','Степ-танец'),(217,58,2,'Max Pollak','Austria-USA','step-dance'),(218,58,3,'Макс Поллак','Австро-США','шаг-танец'),(219,58,4,'Max Pollak','Österreich-USA','Step-Dance'),(224,60,1,'Микаэль Самсонов','Беларусь-Германия','Виолончель'),(225,60,2,'Mikael Samsonov','Belarus-Germany','cello'),(226,60,3,'Микаэль Самсонов','Беларусь-Германия','Виолончель'),(227,60,4,'Mikael Samsonov','Weißrussland-Deutschland','Cello'),(228,61,1,'Наталья Гутман','Россия','Виолончель'),(229,61,2,'Natalia Gutman','Russia','cello'),(230,61,3,'Наталья Гутман','Россия','Виолончель'),(231,61,4,'Natalia Gutman','Russland','Cello'),(232,62,1,'Николя Даутрикур','Франция','Скрипка'),(233,62,2,'Nicolas Dautricourt','France','violin'),(234,62,3,'Николя Даутрикур','Франция','Скрипка'),(235,62,4,'Nicolas Dautricourt','Frankreich','Violine'),(236,63,1,'Оксана Волкова','Беларусь','меццо-сопрано'),(237,63,2,'Oksana Volkova','Belarus','mezzo-soprano'),(238,63,3,'Оксана Волкова','Беларусь','меццо-сопрано'),(239,63,4,'Oksana Wolkowa','Belarus','Mezzosopran'),(240,64,1,'Олеся Ростовская','Россия','терменвокс'),(241,64,2,'Olesya Rostovskaya','Russia','termenvox'),(242,64,3,'Олеся Ростовская','Россия','термэнвокс'),(243,64,4,'Olesja Rostowskaja','Russland','termenvox'),(244,65,1,'Ольга Мартынова','Россия','Клавесин'),(245,65,2,'Olga Martynova','Russia','harpsichord'),(246,65,3,'Ольга Мартынова','Россия','Клавесин'),(247,65,4,'Olga Alexandrowna Martynowa','Russland','Cembalo'),(248,66,1,'Пауль Бадура-Шкода','Австрия','Фортепиано'),(249,66,2,'Paul Badura-Skoda','Austria','piano'),(250,66,3,'Пол Бадура-Шкода','Австрия','Фортепиано'),(251,66,4,'Paul Badura-Skoda','Österreich','Klavier'),(252,67,1,'Павел Верников','Швейцария','Скрипка'),(253,67,2,'Pavel Vernikov','Switzerland','violin'),(254,67,3,'Павел Верников','Швейцария','Скрипка'),(255,67,4,'Pawel Alexandrowitsch Wernikow','Schweiz','Violine'),(256,68,1,'Пламена Мангова','Болгария','Фортепиано'),(257,68,2,'Plamena Mangova','Bulgaria','piano'),(258,68,3,'Пламена Мангова','Болгария','Фортепиано'),(259,68,4,'Plamena Mangova','Bulgarien','Klavier'),(260,69,1,'Ральф Сохачевский','Германия','дирижер'),(261,69,2,'Ralf Sokhaczewski','Germany','conductor'),(262,69,3,'Ральф Сохачевский','Германия','Проводника'),(263,69,4,'Ralf Sokhaczewski','Deutschland','Dirigent'),(264,70,1,'Равиль Исламов','Россия','Скрипка'),(265,70,2,'Ravil Isliamov','Russia','violin'),(266,70,3,'Равиль Исямов','Россия','Скрипка'),(267,70,4,'Ravil Isliamov','Russland','Violine'),(268,71,1,'Роберт Эймс','Англия','Фортепиано'),(269,71,2,'Robert Ames','England','piano'),(270,71,3,'Роберт Эймс','Англии','Фортепиано'),(271,71,4,'Robert Ames','England','Klavier'),(272,72,1,'Рудольф Баршай','Ссср','дирижер'),(273,72,2,'Rudolf Barshai','USSR','conductor'),(274,72,3,'Рудольф Баршай','Ссср','Проводника'),(275,72,4,'Rudolf Barshai','Udssr','Dirigent'),(276,73,1,'Станислав Анищенко','Германия-Беларусь','контрабас'),(277,73,2,'Stanislaw Anischenko','Germany-Belarus','double-bass'),(278,73,3,'Станислав Анищенко','Германия-Беларусь','двойной бас'),(279,73,4,'Stanislaw Anischenko','Deutschland-Weißrussland','Kontrabass'),(280,74,1,'Степан Якович','Россия-Беларусь','Скрипка'),(281,74,2,'Stepan Yakovich','Russia-Belarus','violin'),(282,74,4,'Stepan Yakovich','Russland-Weißrussland','Violine'),(283,74,3,'Степан Якович','Россия-Беларусь','Скрипка'),(284,75,1,'Стивен Прутсман','США','Фортепиано'),(285,75,2,'Stephen Prutsman','USA','piano'),(286,75,3,'Стивен Прутсман','США','Фортепиано'),(287,75,4,'Stephen Prutsman','Usa','Klavier'),(288,76,1,'Светлана Макарова','Швейцария-Россия','Скрипка'),(289,76,2,'Svetlana Makarova','Switzerland-Russia','violin'),(290,76,3,'Светлана Макарова','Швейцария-Россия','Скрипка'),(291,76,4,'Swetlana Alexandrin','Schweiz-Russland','Violine'),(292,77,1,'Святослав Мороз','Россия','Скрипка'),(293,77,2,'Sviatoslav Moroz','Russia','violin'),(294,77,3,'Святослав Мороз','Россия','Скрипка'),(295,77,4,'Sviatoslav Moroz','Russland','Violine'),(296,78,1,'Святослав Рихтер','Ссср','Фортепиано'),(297,78,2,'Sviatoslav Richter','USSR','piano'),(298,78,4,'Sviatoslav Richter','Udssr','Klavier'),(299,78,3,'Святослав Рихтер','Ссср','Фортепиано'),(300,79,1,'Татьяна Карамазинова','Беларусь','Флейта'),(301,79,2,'Tatiana Kormazinova','Belarus','flute'),(302,79,3,'Татьяна Кормазинова','Беларусь','Флейта'),(303,79,4,'Tatjana Alexandrowitsch Kormazinowa','Belarus','Flöte'),(304,80,1,'Татьяна Зеликман','Россия','Фортепиано'),(305,80,2,'Tatiana Zelikman','Russia','piano'),(306,80,3,'Татьяна Зеликман','Россия','Фортепиано'),(307,80,4,'Tatiana Zelikman','Russland','Klavier'),(308,81,1,'Валентин Жук','Нидерланды','скрипка'),(309,81,2,'Valentin Zhuk','Netherlands','violian'),(310,81,4,'Valentin Zhuk','Niederlande','violian'),(311,81,3,'Валентин Чжук','Нидерланды','Виолян'),(312,82,1,'Валерий Полянский','Россия','дирижер'),(313,82,2,'Valery Polyansky','Russia','conductor'),(314,82,3,'Валерий Полянский','Россия','Проводника'),(315,82,4,'Waleri Polyanski','Russland','Dirigent'),(316,83,1,'Вениамин Смехов','Россия','Актер рассказчик'),(317,83,2,'Veniamin Smekhov','Russia','Actor narrator'),(318,83,3,'Вениамин Смехов','Россия','Актер рассказчик'),(319,83,4,'Veniamin Smechow','Russland','Schauspieler-Erzähler'),(320,84,1,'Вероника Прадед','Беларусь','цимбалы'),(321,84,2,'Veranika Pradzed','Belarus','dulcimer'),(322,84,3,'Вераника Прадзед','Беларусь','dulcimer'),(323,84,4,'Veranika Pradzed','Belarus','Hackbrett'),(324,85,1,'Вячеслав Волич','Беларусь','дирижер'),(325,85,2,'Viacheslav Volich','Belarus','concuctor'),(326,85,3,'Вячеслав Волич','Беларусь','конкуктор'),(327,85,4,'Viacheslav Volich','Belarus','Concuctor'),(328,86,2,'Victoria Mushkatkol','USA','piano'),(329,86,1,'Виктория Мушкатколь','США','Фортепиано'),(330,86,3,'Виктория Мушкаткол','США','Фортепиано'),(331,86,4,'Victoria Mushkatkol','Usa','Klavier'),(332,87,1,'Виталий Катаев','Россия','дирижер'),(333,87,2,'Vitaly Kataev','Russia','conductor'),(334,87,3,'Виталий Катаев','Россия','Проводника'),(335,87,4,'Witali Katajew','Russland','Dirigent'),(336,88,1,'Владимир Солтан','Беларусь','Кларнет'),(337,88,2,'Vladimir Soltan','Belarus','clarinet'),(338,88,3,'Владимир Солтан','Беларусь','Кларнет'),(339,88,4,'Vladimir Soltan','Belarus','Klarinette'),(340,89,1,'Владимир Тропп','Россия','Фортепиано'),(341,89,2,'Vladimir Tropp','Russia','piano'),(342,89,4,'Vladimir Tropp','Russland','Klavier'),(343,89,3,'Владимир Тропп','Россия','Фортепиано'),(344,90,1,'Яков Бергман','США','дирижер'),(345,90,3,'Яков Бергман','США','дирижер'),(346,90,2,'Jacob Bergman','United States','Conductor'),(347,90,4,'Jacob Bergman','USA','Dirigent'),(348,91,1,'Юрий Караваев','Беларусь','дирижер'),(349,91,2,'Yury Karavaev','Belarus','conductor'),(350,91,3,'Караваев','Беларусь','Проводника'),(351,91,4,'Juri Alexandrowitsch Karawajew','Belarus','Dirigent'),(352,92,1,'Эльвира Мисбахова','Канада - Россия','Альт'),(353,92,3,'Эльвира Мисбахова','Канада - Россия','Альт'),(354,92,2,'Elvira Misbakhova','Canada - Russia','viola'),(355,92,4,'Elvira Misbakhova','Kanada - Russland','Viola'),(356,93,1,'Александр Татаринов','Россия','Альт'),(357,93,2,'Alexander Tatarinov','Russia','viola'),(358,93,4,'Alexander Wasinow','Russland','Viola'),(359,93,3,'Александр Татаринов','Россия','Альт'),(360,94,1,'Мстислав Ростропович','Ссср','Виолончель'),(361,94,2,'Mstislav Rostropovich','USSR','cello'),(362,94,3,'Мстислав Ростропович','Ссср','Виолончель'),(363,94,4,'Mstislaw Rostropowitsch','Udssr','Cello'),(368,96,1,'Доменико Нордио','Италия','Скрипка'),(369,96,2,'Domenico Nordio','Italy','Violin'),(370,96,3,'Доменико Нордио','Италия','Скрипка'),(371,96,4,'Domenico Nordio','Italien','Violine');
/*!40000 ALTER TABLE `artists_translate` ENABLE KEYS */;
UNLOCK TABLES;

--
-- Table structure for table `composers`
--

DROP TABLE IF EXISTS `composers`;
/*!40101 SET @saved_cs_client     = @@character_set_client */;
/*!40101 SET character_set_client = utf8 */;
CREATE TABLE `composers` (
  `id` int(11) NOT NULL AUTO_INCREMENT,
  `isInResidence` tinyint(4) DEFAULT 0,
  PRIMARY KEY (`id`)
) ENGINE=InnoDB AUTO_INCREMENT=35 DEFAULT CHARSET=utf8mb4;
/*!40101 SET character_set_client = @saved_cs_client */;

--
-- Dumping data for table `composers`
--

LOCK TABLES `composers` WRITE;
/*!40000 ALTER TABLE `composers` DISABLE KEYS */;
INSERT INTO `composers` (`id`, `isInResidence`) VALUES (1,0),(2,1),(3,0),(7,0),(8,0),(9,0),(10,0),(11,0),(12,0),(13,0),(14,0),(15,0),(16,1),(17,0),(18,0),(19,0),(20,0),(21,0),(22,0),(23,0),(24,0),(25,0),(26,0),(27,0),(28,0),(29,0),(30,0),(31,0),(32,0),(33,1),(34,1);
/*!40000 ALTER TABLE `composers` ENABLE KEYS */;
UNLOCK TABLES;

--
-- Table structure for table `composers_translate`
--

DROP TABLE IF EXISTS `composers_translate`;
/*!40101 SET @saved_cs_client     = @@character_set_client */;
/*!40101 SET character_set_client = utf8 */;
CREATE TABLE `composers_translate` (
  `id` int(11) NOT NULL AUTO_INCREMENT,
  `composerId` int(11) DEFAULT NULL,
  `languageId` int(11) DEFAULT NULL,
  `name` varchar(45) DEFAULT NULL,
  `country` varchar(45) DEFAULT NULL,
  PRIMARY KEY (`id`)
) ENGINE=InnoDB AUTO_INCREMENT=137 DEFAULT CHARSET=utf8mb4;
/*!40101 SET character_set_client = @saved_cs_client */;

--
-- Dumping data for table `composers_translate`
--

LOCK TABLES `composers_translate` WRITE;
/*!40000 ALTER TABLE `composers_translate` DISABLE KEYS */;
INSERT INTO `composers_translate` (`id`, `composerId`, `languageId`, `name`, `country`) VALUES (1,1,1,'Айрат Ишмуратов','Канада'),(2,1,2,'Airat Ichmouratov','Canada'),(3,1,3,'Айрат Ичмуратов','Канада'),(4,1,4,'Airat Ichmouratov','Kanada'),(5,2,1,'Константин Яськов','Беларусь'),(6,2,2,'Konstantin Yaskov','Belarus'),(7,2,3,'Константин Ясков','Беларусь'),(8,2,4,'Konstantin Alexandrowitsch Jakow','Belarus'),(9,3,1,'Виктор Войтик ','Беларусь'),(10,3,2,'Viktor Voytik ','Belarus'),(11,3,3,'Виктор Войтик ','Беларусь'),(12,3,4,'Viktor Voytik ','Belarus'),(25,7,1,'Александро Драго','Аргентина'),(26,7,3,'Алехандро Драго','Аргентина'),(27,7,2,'Alejandro Drago','Argentina'),(28,7,4,'Alejandro Drago','Argentinien'),(29,8,1,'Александр Литвиновский','Беларусь'),(30,8,2,'Alexander Litvinovsky','Belarus'),(31,8,3,'Александр Литвиновский','Беларусь'),(32,8,4,'Alexander Alexandrowitsch Liwinowski','Belarus'),(33,9,1,'Альфонсо Лопес-Чоллет','Венесуэла'),(34,9,2,'Alfonso Lopez-Chollet','Venezuela'),(35,9,3,'Альфонсо Лопес-Чоллет','Венесуэла'),(36,9,4,'Alfonso Lopez-Chollet','Venezuela'),(37,10,1,'Альфред Шнитке','Ссср'),(38,10,2,'Alfred Schnitke','USSR'),(39,10,3,'Альфред Шнитке','Ссср'),(40,10,4,'Alfred Schnitke','Udssr'),(41,11,1,'Андрей Рубцов','Россия'),(42,11,2,'Andrew Rubtsov','Russia'),(43,11,3,'Андрей Рубцов','Россия'),(44,11,4,'Andrew Rubtsov','Russland'),(45,12,1,'Дмитрий Смольский','Беларусь'),(46,12,2,'Dmitry Smolsky','Belarus'),(47,12,3,'Дмитрий Смольский','Беларусь'),(48,12,4,'Dmitri Nikolajer Jesmolski','Belarus'),(49,13,1,'Эльмар Лэмпсон','Германия'),(50,13,2,'Elmar Lampson','Germany'),(51,13,3,'Эльмар Лэмпсон','Германия'),(52,13,4,'Elmar Lampson','Deutschland'),(53,14,1,'Эрик Фрайтаг','Австрия'),(54,14,2,'Erik Freitag','Austria'),(55,14,3,'Эрик Фрайтаг','Австрия'),(56,14,4,'Erik Freitag','Österreich'),(57,15,1,'Габриэле Прой','Австрия'),(58,15,2,'Gabriele Proy','Austria'),(59,15,4,'Gabriele Proy','Österreich'),(60,15,3,'Габриэле Прой','Австрия'),(61,16,1,'Галина Горелова','Беларусь'),(62,16,2,'Galina Gorelova','Belarus'),(63,16,3,'Галина Горелова','Беларусь'),(64,16,4,'Galina Alexandrowitsch Gorelowa','Belarus'),(65,17,1,'Гия Канчели','Грузия'),(66,17,2,'Giya Kantscheli','Georgia'),(67,17,3,'Гия Канцели','Грузия'),(68,17,4,'Giya Kantscheli','Georgien'),(69,18,1,'Хидаят Инаят Хан','Индия-Голландия'),(70,18,2,'Hidayat Inayat Khan','India-Holland'),(71,18,3,'Хидаят Инаят Хан','Индия-Голландия'),(72,18,4,'Hidayat Inayat Khan','Indien-Holland'),(73,19,1,'Жером Дюкро','Франция'),(74,19,2,'Jeproqme Ducros','France'),(75,19,3,'Джепрокме Дюкрос','Франция'),(76,19,4,'Jeproqme Ducros','Frankreich'),(77,20,1,'Кьелл Маркуссен','Норвегия'),(78,20,2,'Kjell Marcussen','Norway'),(79,20,3,'Кьелл Маркуссен','Норвегия'),(80,20,4,'Kjell Marcussen','Norwegen'),(81,21,1,'Кьелл Морк Карлсен','Норвегия'),(82,21,2,'Kjell Mork Karlsen','Norway'),(83,21,3,'Кьелл Морк Карлсен','Норвегия'),(84,21,4,'Kjell Mork Karlsen','Norwegen'),(85,22,1,'Лариса Симакович','Беларусь'),(86,22,2,'Laryssa Simakovich','Belarus'),(87,22,3,'Лариса Симакович','Беларусь'),(88,22,4,'Laryssa Simakovich','Belarus'),(89,23,1,'Михаил Броннер','Россия'),(90,23,2,'Mikhail Bronner','Russia'),(91,23,3,'Михаил Броннер','Россия'),(92,23,4,'Mikhail Bronner','Russland'),(93,24,1,'Олег Янченко','Ссср'),(94,24,2,'Oleg Jantchenko','USSR'),(95,24,4,'Oleg Jantschenko','Udssr'),(96,24,3,'Олег Янченко','Ссср'),(97,25,1,'Олеся Ростовская','Россия'),(98,25,2,'Olesya Rostovskaya','Russia'),(99,25,3,'Олеся Ростовская','Россия'),(100,25,4,'Olesja Rostowskaja','Russland'),(101,26,1,'Петерис Васкс','Латвия'),(102,26,2,'Peteris Vasks','Latvia'),(103,26,3,'Петерис Васкс','Латвия'),(104,26,4,'Peteris Vasks','Lettland'),(105,27,1,'Сергей Кортес','Беларусь'),(106,27,2,'Sergey Kortes','Belarus'),(107,27,3,'Сергей Кортес','Беларусь'),(108,27,4,'Sergei Alexandrowitsch Kortes','Belarus'),(109,28,1,'Стивен Прутсман','США'),(110,28,2,'Stephen Prutsman','USA'),(111,28,3,'Стивен Прутсман','США'),(112,28,4,'Stephen Prutsman','Usa'),(113,29,1,'Виктор Копытько','Беларусь'),(114,29,2,'Viktor Kopytsko','Belarus'),(115,29,3,'Виктор Копыцко','Беларусь'),(116,29,4,'Wiktor Alexandrowitsch Kopytsko','Belarus'),(117,30,1,'Владимир Беляев','Россия'),(118,30,2,'Vladimir Beliaev','Russia'),(119,30,3,'Владимир Беляев','Россия'),(120,30,4,'Wladimir Wladimirowitsch Beliajew','Russland'),(121,31,1,'Владимир Курян','Беларусь'),(122,31,2,'Vladimir Kurian','Belarus'),(123,31,3,'Владимир Курян','Беларусь'),(124,31,4,'Vladimir Kurian','Belarus'),(125,32,1,'Владимир Мишле','Россия'),(126,32,2,'Vladimir Mishle','Russia'),(127,32,3,'Владимир Мишле','Россия'),(128,32,4,'Vladimir Mishle','Russland'),(129,33,1,'Любовь Кунейко','Беларусь'),(130,33,2,'Lubov Kuneiko','Belarus'),(131,33,3,'Любовь Кунейко','Беларусь'),(132,33,4,'Lubov Kuneiko','Belarus'),(133,34,1,'Валерий Воронов','Беларусь'),(134,34,2,'Valery Voronov','Belarus'),(135,34,3,'Валерий Воронов','Беларусь'),(136,34,4,'Waleri Worow','Belarus');
/*!40000 ALTER TABLE `composers_translate` ENABLE KEYS */;
UNLOCK TABLES;

--
-- Table structure for table `concerts`
--

DROP TABLE IF EXISTS `concerts`;
/*!40101 SET @saved_cs_client     = @@character_set_client */;
/*!40101 SET character_set_client = utf8 */;
CREATE TABLE `concerts` (
  `id` int(11) NOT NULL AUTO_INCREMENT,
  `title` varchar(100) NOT NULL,
  `date` datetime DEFAULT NULL,
  `description` text DEFAULT NULL,
  `place` varchar(50) DEFAULT NULL,
  `ticket` varchar(100) NOT NULL DEFAULT '',
  `hidden` tinyint(4) NOT NULL DEFAULT 0,
  PRIMARY KEY (`id`)
) ENGINE=InnoDB AUTO_INCREMENT=58 DEFAULT CHARSET=utf8;
/*!40101 SET character_set_client = @saved_cs_client */;

--
-- Dumping data for table `concerts`
--

LOCK TABLES `concerts` WRITE;
/*!40000 ALTER TABLE `concerts` DISABLE KEYS */;
INSERT INTO `concerts` (`id`, `title`, `date`, `description`, `place`, `ticket`, `hidden`) VALUES (8,'Международный день музыки: Гала-концерт, посвящённый открытию 83-го филармонического сезона','2020-10-01 19:00:00','Государственный академический симфонический оркестр Республики Беларусь,\r\nГосударственная академическая хоровая капелла им. Г.Ширмы, Государственный камерный хор Республики Беларусь, Государственный камерный оркестр Республики Беларусь\r\n\r\nВ программе первого отделения:\r\nП.Чайковский-С.Рахманинов Колыбельная \r\nН.Паганини-Э.Изаи Вариации \r\nМ.Палмери Магнифика с камерным хором, банденеоном, фортепиано сопрано меццо-сопрано\r\n\r\nДирижёр - заслуженный артист России Евгений Бушков\r\n','Большой зал БГФ','https://tce.by/shows.html?base=Nzk0QjIxQ0QtRjE5QS02NzQ3LTlBNTAtN0ZCNkE5MDI2NUJE&data=5731',0),(9,'Цикл камерных концертов «Хорошо… без дирижёра» (концерт первый)','2021-03-16 19:00:00','В программе:\r\nА.Бородин - Вариации на тему русской народной песни \"Чем я тебя огорчила\"\r\nИсп.: Олег Подов, Мария Ракель, Николай Киселев\r\nА.Бородин  - Струнный квартет\r\nИсп.: Павел Батян, Кузьма Папакуль, Игорь Цховребов, Никита Кравец\r\nА.Глазунов - Вариации на русскую тему из сюиты ор.35\r\nИсп.: Олег Подов, Мария Ракель, Елена Сердюкова, Николай Киселев \r\nМ.Глинка - Большой секстет ми бемоль мажор\r\nИсп.: Олег Подов, Мария Ракель, Елена Сердюкова, Николай Киселев, Михаил Николайчик, Мария Ромейко ','Малый зал БГФ','https://tce.by/shows.html?base=Nzk0QjIxQ0QtRjE5QS02NzQ3LTlBNTAtN0ZCNkE5MDI2NUJE&data=5724',0),(10,'Абонемент №5 «Классика – это классно»','2020-09-26 15:00:00','Концерт третий «ЮМОР В МУЗЫКЕ» \r\n\r\nЗаслуженный коллектив Республики Беларусь\r\nГосударственный камерный оркестр Республики Беларусь\r\n\r\nГлавный дирижёр – заслуженный артист Российской Федерации\r\nЕвгений Бушков','Большой зал БГФ','https://tce.by/shows.html?base=Nzk0QjIxQ0QtRjE5QS02NzQ3LTlBNTAtN0ZCNkE5MDI2NUJE&data=5645',0),(11,'Абонемент № 2 «Дебют юных талантов»','2020-10-03 15:00:00','Концерт четвёртый (перенос 12.04.2020)\r\n\r\nСолисты – учащиеся Республиканской гимназии-колледжа при Белорусской государственной академии музыки\r\n\r\nДирижёр – Александр Высоцкий\r\n\r\nМузыковед – Инна Карпук','Большой зал БГФ','https://tce.by/shows.html?base=Nzk0QjIxQ0QtRjE5QS02NzQ3LTlBNTAtN0ZCNkE5MDI2NUJE&data=5572',0),(13,'Абонемент «Музыка и слово»: «История Любви» ','2020-12-28 19:00:00','В программе:\r\nУ.Шекспир-С.Прокофьев. «Ромео и Джульетта», сюита для альта и камерного оркестра,\r\nИ.Тургенев-Э.Шоссон. «Песнь торжествующей любви», поэма для скрипки с оркестром,\r\nДж.Гершвин-И.Фролов. «Порги и Бесс», концертная фантазия для скрипки с оркестром\r\n\r\nДирижер - заслуженный артист России Евгений Бушков','Большой зал БГФ','https://tce.by/shows.html?base=Nzk0QjIxQ0QtRjE5QS02NzQ3LTlBNTAtN0ZCNkE5MDI2NUJE&data=5757',0),(14,'Абонемент №5 «Классика – это классно» (концерт первый) «Приключения Виолино»','2020-11-07 15:00:00','«ПРИКЛЮЧЕНИЯ ВИОЛИНО, ИЛИ КАК МАЛЕНЬКАЯ СКРИПКА СТАЛА КОРОЛЕВОЙ»\r\n\r\nСолисты:\r\nАнна Цховребова скрипка\r\nНикон Мазоль скрипка\r\nОлег Подов скрипка\r\nПавел Батян скрипка\r\nАнастасия Каризна скрипка\r\nЕкатерина Мищанчук скрипка\r\nНиколай Киселёв виолончель\r\nМихаил Николайчик контрабас\r\n\r\nДирижёр и ведущий – Евгений Бушков','Болшой зал БГФ','https://tce.by/shows.html?base=Nzk0QjIxQ0QtRjE5QS02NzQ3LTlBNTAtN0ZCNkE5MDI2NUJE&data=5773',0),(17,'210 лет со дня рождения Ф.Шопена','2021-01-21 19:00:00','В программе:\r\nФ.Шопена Концерт для фортепиано с оркестром № 1 ми минор op. 11\r\nК.Яськов Кросны Макошы\r\n\r\nСолист - Владислав Хондогий (Беларусь, фортепиано)\r\nДирижёр - заслуженный артист России Евгений Бушков.\r\n\r\n\r\n','Большой зал БГФ','https://tce.by/shows.html?base=Nzk0QjIxQ0QtRjE5QS02NzQ3LTlBNTAtN0ZCNkE5MDI2NUJE&data=5774',0),(19,'«ЭРИК ФРАЙТАГ – 80! ФЕДЕРИКО ФЕЛЛИНИ – 100!»','2020-03-15 19:00:00','Заслуженный коллектив Республики Беларусь\r\nГосударственный камерный оркестр\r\nГлавный дирижер - заслуженный артист России Евгений Бушков\r\nСолисты –\r\nДиана Гонтаренко флейта\r\nПавел Батян скрипка\r\nОлег Подов скрипка\r\nАлександра Денисеня цимбалы\r\nВ программе:  произведения Э.Фрайтага, пьесы Ф.Крейслера в аранжировке Э.Фрайтага, музыка Н.Роты к кинофильмам Ф.Феллини','Большой зал БГФ','',0),(20,'Абонемент «ЮБИЛЕЙНЫЙ» концерт второй К 180-летию Петра Чайковского','2020-02-12 19:00:00','Солистка – лауреат международных конкурсов Антонина Жарова виолончель (Беларусь – Франция)\r\n\r\nДирижёр – Александр Высоцкий\r\nВ программе:\r\nП.Чайковский\r\n– Серенада До мажор для струнного оркестра, op.48\r\n– Вариации Ля мажор на тему рококо для виолончели с оркестром, op.33\r\n– Pezzo capriccioso си минор для виолончели и оркестра, op.62\r\n– Ноктюрн до-диез минор для виолончели с оркестром, op.19 №4\r\n– Избранные пьесы из цикла «Времена года», op.37A','Большой зал БГФ','',0),(21,'Абонемент № 2 \"Дебют юных талантов\" (концерт третий)','2020-03-01 15:00:00','Государственный камерный оркестр Республики Беларусь\r\nГлавный дирижёр – заслуженный артист России Евгений Бушков\r\nСолисты – учащиеся Республиканской гимназии-колледжа при Белорусской государственной академии музыки\r\nДирижёр – Александр Высоцкий\r\nМузыковед – Инна Карпук\r\n\r\n ','Большой зал БГФ','',0),(22,'Абонемент №5 \"Классика - это классно\" (концерт второй)','2020-02-08 15:00:00','В программе:\r\nЛ.Кунейко – «Гадкий утенок» мировая премьера\r\nП.Чайковский – Песни для детей, op.54 (переложение М.Коллонтая для детского хора, сопрано и струнного оркестра)\r\nВ концерте принимает участие детский хор «Поющие музыканты» Республиканской гимназии-колледжа при БГАМ\r\nХудожественный руководитель – Алла Мазурова','Большой зал БГФ','',0),(23,'Абонемент № 2 «Дебют юных талантов» (концерт второй)','2020-02-02 15:00:00','Государственный камерный оркестр Республики Беларусь\r\nГлавный дирижёр – заслуженный артист России Евгений Бушков\r\nСолисты – учащиеся Республиканской гимназии-колледжа при Белорусской государственной академии музыки\r\nДирижёр – Александр Высоцкий\r\nМузыковед – Инна Карпук','Большой зал БГФ','',0),(24,'Абонемент №4 «Для всех!»: Мартин Палмери - «Месса-Танго»','2019-12-12 19:00:00','Белорусский союз музыкальных деятелей\r\nБелорусская ассоциация хоровых дирижеров\r\nЦикл «Хоровые легенды»\r\n\r\nМесса-танго, Концерты «Зима» и «Лето» из цикла «О четырех временах года» для бандонеона с оркестром Мартина Палмери, Концерты для мандолины Антонио Вивальди и Рафаэле Калаче, а также «Рождественская фантазия» Елены Атрашкевич, Рождественские кэроллы Джона Раттера и знаменитые аргентинские танго в исполнении ведущих белорусских хоровых коллективов – всё это в концерте 12 декабря!\r\n\r\nГосударственный камерный оркестр Республики Беларусь\r\nХудожественный руководитель и главный дирижер – заслуженный артист России Евгений Бушков\r\nСтуденческий хор Белорусской государственной академии музыки\r\n(руководитель – Инесса Бодяко, хормейстер - Анна Арлукевич)\r\nХор «Gaudeamus» Белорусского государственного педагогического университета имени М.Танка\r\n(руководитель – Лариса Ядловская)\r\nЗаслуженный любительский коллектив Республики Беларусь хор «Крынічка» Минского государственного дворца детей и молодежи\r\n(руководитель – Наталья Суханова)\r\nНародный академический хор «Белая вежа» Брестского государственного технического университета\r\n(руководитель  – Ирина  Анголюк)\r\nЖенский хор «Мелодика» Минского государственного музыкального колледжа им. М.И. Глинки\r\n(руководитель – Ольга Крипец)\r\nМолодежный хор «Brevis» Минского государственного колледжа искусств\r\n(руководитель – Вячеслав Ларин)\r\nМолодежный хор Брестского музыкального колледжа им. Г. Ширмы\r\n(руководитель – Тамара Парфенова)\r\nОбразцовый хор «Тоника» Детской музыкальной школы искусств №1 им. Л.П.Александровской г.  Минска\r\n(руководитель – Алексей Снитко)\r\nОбразцовый хор «Кантилена» Детской музыкальной школы искусств №5 г. Минска\r\n(руководитель – Инна Моргачева)\r\nМладший хор мальчиков Республиканской гимназии-колледжа при БГАМ\r\n(руководитель – Ольга Ижик)\r\nХор мальчиков «Cantus»  Детской музыкальной школы искусств №19 г. Минска\r\n(руководитель – Елена Абрамович)\r\nОбразцовый хор мальчиков и юношей «ПАРУС» ДМШИ №2 им. Н.И.Аладова\r\n(руководитель – Юлия Юницкая)\r\n \r\nОбразцовый хор «ДЕЦИМА» ДМШИ №10 им. Е.А.Глебова г. Минска\r\n(руководитель – Алексей Климович) \r\nСолисты - Мартин Палмери фортепиано (Аргентина)\r\nДарио Полонара бандонеон (Аргентина)\r\nЖюльен Мартино мандолина (Франция)\r\nИрина Лой сопрано (Беларусь)\r\nДирижёр – Евгений Бушков','Большой зал БГФ','',0),(25,'Абонемент № 2 «Дебют юных талантов» (концерт первый)','2019-12-01 15:00:00','Государственный камерный оркестр Республики Беларусь\r\nГлавный дирижёр – заслуженный артист России Евгений Бушков\r\nСолисты – учащиеся Республиканской гимназии-колледжа при Белорусской государственной академии музыки\r\nДирижёр – Александр Высоцкий\r\nМузыковед – Инна Карпук','Большой зал БГФ','',0),(26,'Государственный камерный оркестр: Людвиг ван Бетховен','2019-11-27 19:00:00','Солисты – лауреаты международных конкурсов\r\nзаслуженная артистка России Наталия Трулль фортепиано (Россия)\r\nДмитрий Хахамов скрипка\r\nзаслуженный артист России Кирилл Родин виолончель\r\nДирижёр – заслуженный артист России Евгений Бушков\r\nВ программе:\r\n- Увертюра из балета «Творения Прометея», op.43\r\n- Симфония №1 До мажор, op.21\r\n- Тройной концерт До мажор для фортепиано, скрипки и виолончели с оркестром, op.56','Большой зал БГФ','',0),(27,'Абонемент №5 \"Классика - это классно\" (концерт первый)','2019-10-23 15:00:00','«Живые картинки»\r\nВ программе:\r\nП.Чайковский - Сюита из балета «Щелкунчик» (переложение для струнного оркестра)\r\nМ.Мусоргский – «Картинки с выставки» (оркестровка Ю.Туровского)','Большой зал БГФ','',0),(28,'Открытие сезона: к 100-летию со дня рождения М.Вайнберга','2019-09-19 19:00:00','Абонемент «Юбилейный» (три концерта) концерт первый\r\nОткрытие сезона\r\nк 100-летию со дня рождения Мечислава Вайнберга\r\n \r\nВ программе:\r\nЕ.Подгайц - Concerto Brevis для скрипки, виолончели и фортепиано с оркестром мировая премьера\r\nсолисты – лауреаты международных конкурсов\r\nПавел Батян скрипка\r\nАлександр Сердюков виолончель\r\nМарина Ромейко фортепиано\r\nЛ. ван Бетховен - Квартет №10 Ми-бемоль мажор, op.74 (переложение для оркестра Р.Баршая)\r\nМ.Вайнберг - Симфония №10 для камерного оркестра, op.98\r\nдирижер – Евгений Бушков','Большой зал','',0),(31,'Абонемент №4 «Для всех!» концерт третий','2021-04-13 19:00:00','Дирижёр – заслуженный артист России Евгений Бушков','Большой зал БГФ','https://tce.by/shows.html?base=Nzk0QjIxQ0QtRjE5QS02NzQ3LTlBNTAtN0ZCNkE5MDI2NUJE&data=5647',0),(32,'Абонемент «Юбилейный»: К 210-летию со дня рождения Ф.Шопена','2021-01-13 19:00:00','Абонемент «Юбилейный» концерт третий «О КЛАССИКЕ: И С ШУТКОЙ, И СЕРЬЁЗНО»\r\nДирижёр – заслуженный артист Российской Федерации Евгений Бушков\r\nСолисты – Виталий Стахиевич фортепиано (Беларусь – Нидерланды)\r\nОлег Подов скрипка\r\nМарина Ромейко фортепиано\r\n\r\nВ программе:\r\nФ.Шопен – Концерт №2 фа минор для фортепиано с оркестром\r\nВ.Киляр – «Орава»\r\nФ.Крейслер – «Синкопы»\r\nЛ.Андерсон – «Синкопированные часы»\r\nД.Шостакович – Джазовая сюита\r\nВ.Мишле – «Прелюд в джазовых тонах»\r\n– «Не совсем лунная соната»\r\n– “Jingle Bells” («Колокольчики»)','Большой зал БГФ','https://tce.by/shows.html?base=Nzk0QjIxQ0QtRjE5QS02NzQ3LTlBNTAtN0ZCNkE5MDI2NUJE&data=5747',0),(34,'Польскі музычны досвед - Беларусь','2020-10-09 19:00:00','Дирижёр – Павел Котля\r\nЯн Калиновски виолончель\r\nМарек Шлезер фортепиано\r\n\r\nВ программе:\r\nИ.Я.Падеревский – Сюита Соль мажор (1884)\r\nКш.Мейер – “Musica Concertante” для виолончели, фортепиано и струнных инструментов, ор.130\r\nТ.Я.Опалка – “Hemisphere2” для струнного оркестра\r\nД.Шостакович – Камерная симфония до минор для струнного оркестра, ор.110а','Малый зал','https://tce.by/shows.html?base=Nzk0QjIxQ0QtRjE5QS02NzQ3LTlBNTAtN0ZCNkE5MDI2NUJE&data=5745',0),(35,'Абонемент «Дебют юных талантов»','2020-11-14 15:00:00','Концерт первый\r\nСолисты – учащиеся Республиканской гимназии-колледжа при Белорусской государственной академии музыки\r\nДирижер - Александ Высоцкий\r\nМузыковед – Инна Карпук','Большой зал БГФ','',0),(37,'Цикл камерных концертов «Хорошо… без дирижёра» (концерт второй)','2020-12-15 19:00:00','К 250-летию со дня рождения Людвига ван Бетховена\r\n\r\nВ программе:\r\nЙ.Гайдн Лондонское трио\r\nКонстантин Сидорук, Сергей Терешков, Анна Круглик\r\nЛ.в.Бетховен Соната для скрипки и фортепиано №5 «Весенняя», op.24\r\nЕкатерина Мищанчук, Марина Ромейко\r\nЛ.в.Бетховен Дуэт для альта и виолончели «с двумя обязательными очками» Wo032\r\nЕлена Сердюкова, Александр Сердюков\r\nЛ.в.Бетховен Крейцерова соната, ор.47\r\nПавел Батян, Марина Ромейко\r\n','Малый зал','https://tce.by/shows.html?base=Nzk0QjIxQ0QtRjE5QS02NzQ3LTlBNTAtN0ZCNkE5MDI2NUJE&data=5725',0),(38,'Абонемент «Классика – это классно!»','2021-02-06 15:00:00','«Не Чу(і)ковский: от двух до пяти»\r\nДирижер Евгений Бушков\r\n','Большой зал БГФ','',0),(39,'Цикл камерных концертов «Хорошо… без дирижёра» (концерт третий)','2021-02-12 19:00:00',' К 180-летию Антонина Дворжака\r\n\r\nВ программе:\r\nР.Шуман Фантастические пьесы для виолончели и фортепиано, ор.73\r\nАлександр Сердюков, Марина Ромейко\r\nК.Шуман Трио для фортепиано скрипки и виолончели, ор.17\r\nА.Дворжак терцет, ор.74\r\nЕкатерина Мищанчук, Алексей Гурин, Юлия Подова\r\nА.Дворжак Фортепианный квинтет №2, ор.81\r\nАнастасия Карина, Кузьма Папакуль, Игорь Цховребов, Николай Киселёв, Марина Ромейко \r\n','Малый зал','https://tce.by/shows.html?base=Nzk0QjIxQ0QtRjE5QS02NzQ3LTlBNTAtN0ZCNkE5MDI2NUJE&data=5726',0),(40,'Абонемент «Музыка и слово»','2021-04-22 19:00:00','«Фауст» герой Гёте в музыке\r\nВ программе:\r\nА.Г.Радзивилл\r\n – Увертюра к опере «Фауст» (Адажио и фуга до минор В.А.Моцарта)\r\n– Молитва Гретхен из оперы «Фауст»\r\nЭ.Натан – Грациозная фантазия на темы «Осуждения Фауста» Г.Берлиоза (переложение для виолончели с оркестром)\r\nГ.Венявский – Блестящая фантазия на темы из оперы Ш.Гуно «Фауст» (переложение для скрипки с оркестром)\r\nР.Шуман – Увертюра к Сценам из «Фауста» Гёте\r\n\r\nДирижёр Евгений Бушков','Большой зал БГФ','https://tce.by/shows.html?base=Nzk0QjIxQ0QtRjE5QS02NzQ3LTlBNTAtN0ZCNkE5MDI2NUJE&data=5892',0),(41,'Абонемент «Дебют юных талантов» концерт второй','2021-02-21 15:00:00','Солисты – учащиеся Республиканской гимназии-колледжа при Белорусской государственной академии музыки\r\nМузыковед – Инна Карпук\r\n','Большой зал БГФ','https://tce.by/shows.html?base=Nzk0QjIxQ0QtRjE5QS02NzQ3LTlBNTAtN0ZCNkE5MDI2NUJE&data=5858',0),(42,'Абонемент «Дебют юных талантов»','2021-03-21 15:00:00','Дирижер Александр Высоцкий\r\n','Большой зал БГФ','https://tce.by/shows.html?base=Nzk0QjIxQ0QtRjE5QS02NzQ3LTlBNTAtN0ZCNkE5MDI2NUJE&data=5859',0),(43,'Абонемент «Классика – это классно!»','2021-04-10 15:00:00','«Венская симфония или Что было бы если бы Гайдн, Моцарт, Бетховен и Шуберт сочиняли вместе»\r\n','Большой зал БГФ','',0),(48,'«Волшебный звук в кругу альтистов»','2020-10-14 19:00:00','Солисты - лауреаты международных конкурсов:\r\nДарья Филиппенко альт\r\nАлександра Иванова альт\r\nЕлена Сердюкова альт\r\nАнастасия Кипнюк альт\r\nМария Куртанидзе альт\r\nАлексей Пшеничный фортепиано\r\nАнастасия Буря фортепиано\r\n\r\nДирижер - заслуженный артист России Евгений Бушков\r\nВедущая – музыковед Инна Зубрич\r\nАвтор проекта – Лючия Ластовка\r\n\r\nВ программе: Г.Пёрселл, Г.Ф.Гендель, Э.Элгар, Й.Боуэн, Фр.Бридж, Б.Бриттен, Р.Воан-Уильямс, Дж.Стивенсон','Малый зал','https://tce.by/shows.html?base=Nzk0QjIxQ0QtRjE5QS02NzQ3LTlBNTAtN0ZCNkE5MDI2NUJE&data=5746',0),(51,'\"Сціпла і цёпла\": музычны шпацыр у трох рухах','2020-10-27 18:00:00','СЦІПЛА – таму што невялікімі камернымі складамі, калі ўсе празрыста, калі кожны – саліст, але павінен услухоўвацца ў партыі іншых інструментаў нават больш чым у сваю…\r\nЦЁПЛА – таму што вытанчанасць камернай атмасферы не перашкаджае ёй быць самай давернай, калі выканаўцы пазнаюць сваіх слухачоў, бачаць іх, адчуваюць настрой, іграюць для пэўных людзей, камунікуюць з імі праз музычнае мастацтва.\r\nШПАЦЫР – таму што можна наведаць тры краіны.\r\nА РУХІ можна выбіраць – рускі, італьянскі, аўстрыйскі; можна вандраваць у адным ці некалькіх напрамках (набыць квіток на адзін, ці два, ці тры канцэрты).\r\nКожны рух – 45 хвілін, у кожным свае спадарожнікі-выканаўцы і, канешне, непаўторныя ўражанні. Выканаўцы – салісты Дзяржаўнага камернага аркестра Рэспублікі Беларусь:\r\n18.00 – Iтальянская камерная музыка (А.Вівальдзі)\r\n19.00 – Аўстра-нямецкая камерная музыка (В.А.Моцарт, Ё.Гайдн, Л. ван Бетховен)\r\n20.00 – Руская камерная музыка (М.Глінка, А.Барадзін, А.Глазуноў)','Музей беларускага кіно','',0),(52,'\"Сціпла і цёпла\": музычны шпацыр у трох рухах','2020-10-29 18:00:00','СЦІПЛА – таму што невялікімі камернымі складамі, калі ўсе празрыста, калі кожны – саліст, але павінен услухоўвацца ў партыі іншых інструментаў нават больш чым у сваю…\r\nЦЁПЛА – таму што вытанчанасць камернай атмасферы не перашкаджае ёй быць самай давернай, калі выканаўцы пазнаюць сваіх слухачоў, бачаць іх, адчуваюць настрой, іграюць для пэўных людзей, камунікуюць з імі праз музычнае мастацтва.\r\nШПАЦЫР – таму што можна наведаць тры краіны.\r\nА РУХІ можна выбіраць – рускі, італьянскі, аўстрыйскі; можна вандраваць у адным ці некалькіх напрамках (набыць квіток на адзін, ці два, ці тры канцэрты).\r\nКожны рух – 45 хвілін, у кожным свае спадарожнікі-выканаўцы і, канешне, непаўторныя ўражанні. Выканаўцы – салісты Дзяржаўнага камернага аркестра Рэспублікі Беларусь:\r\n18.00 – Iтальянская камерная музыка (А.Вівальдзі)\r\n19.00 – Аўстра-нямецкая камерная музыка (В.А.Моцарт, Ё.Гайдн, Л. ван Бетховен)\r\n20.00 – Руская камерная музыка (М.Глінка, А.Барадзін, А.Глазуноў)','Музей беларускага кіно','',0),(53,'\"Танго. История страсти\"','2020-12-21 19:00:00','В программе:\r\nА.Пьяццолла, Р.Гальяно, Р.Молинелли\r\n\r\nДирижер - Вячеслав Бортновский\r\nСолисты:\r\nДарья Бобко - саксофон\r\nАнна Теран - скрипка\r\nМихаил Волчков - баян\r\n','Болшой зал БГФ','https://tce.by/shows.html?base=Nzk0QjIxQ0QtRjE5QS02NzQ3LTlBNTAtN0ZCNkE5MDI2NUJE&data=5775',0),(55,'Belarusian National Chamber Orchestra Concert','2019-10-27 19:30:00','Perfomance list:\r\nMozart-K.136 in D major\r\nTchaikovsky-Serenade for Strings\r\nBarber-Adagio for Strings\r\nMendelssohn-Violin Concerto/Piano Concerto/String Concerto','Shanghai Grand Theater','',0),(56,'GALA CONCERT with the Belarus State Chamber Orchestra performing with pieces of the Emirati Composer','2019-02-02 20:00:00','Programme\r\nV. Kurian Concerto for Belarusian dulcimer and orchestra\r\nAlexandra Denisenia, soloist\r\nIbrahim Al Juneibi  Walt’s Fantasy,Second Walt’s, Serenity\r\nD. Shostakovich Jazz-Suite no.1 (arranged for the string orchestra)\r\nHamad AlTaee Destiny, 2 songs\r\nP.I. Tchaikovsky String Serenade in C major','Royal Mirage Dubai','',0),(57,'\"Шерлок Младший\" музыка к кинофильму Бастера Китона','2021-02-25 19:00:00','В этот вечер совместно с кинопоказом прозвучит музыка американского композитора Стивена Прутсмана к кинофильму \"Шерлок Младший\" Бастера Китона — классической кинокомедии, появившейся в 1924 году в США.  Она входит в золотой фонд немого кино, обладая весьма важным историческим и культурным значением для мирового кинематографа.\r\n\r\nБилеты можно приобрести в кассе Музея истории белорусского кино (ул. Свердлова, 4) с 11.00 до 18.30 без выходных. Справки по телефону +375296932658.','Музей истории белорусского кино','',1);
/*!40000 ALTER TABLE `concerts` ENABLE KEYS */;
UNLOCK TABLES;

--
-- Table structure for table `languages`
--

DROP TABLE IF EXISTS `languages`;
/*!40101 SET @saved_cs_client     = @@character_set_client */;
/*!40101 SET character_set_client = utf8 */;
CREATE TABLE `languages` (
  `id` int(11) NOT NULL AUTO_INCREMENT,
  `name` varchar(2) DEFAULT NULL,
  PRIMARY KEY (`id`)
) ENGINE=InnoDB AUTO_INCREMENT=5 DEFAULT CHARSET=utf8mb4;
/*!40101 SET character_set_client = @saved_cs_client */;

--
-- Dumping data for table `languages`
--

LOCK TABLES `languages` WRITE;
/*!40000 ALTER TABLE `languages` DISABLE KEYS */;
INSERT INTO `languages` (`id`, `name`) VALUES (1,'ru'),(2,'en'),(3,'by'),(4,'de');
/*!40000 ALTER TABLE `languages` ENABLE KEYS */;
UNLOCK TABLES;

--
-- Table structure for table `musicians`
--

DROP TABLE IF EXISTS `musicians`;
/*!40101 SET @saved_cs_client     = @@character_set_client */;
/*!40101 SET character_set_client = utf8 */;
CREATE TABLE `musicians` (
  `id` int(11) NOT NULL AUTO_INCREMENT,
  `groupId` int(11) DEFAULT NULL,
  PRIMARY KEY (`id`)
) ENGINE=InnoDB AUTO_INCREMENT=42 DEFAULT CHARSET=utf8mb4;
/*!40101 SET character_set_client = @saved_cs_client */;

--
-- Dumping data for table `musicians`
--

LOCK TABLES `musicians` WRITE;
/*!40000 ALTER TABLE `musicians` DISABLE KEYS */;
INSERT INTO `musicians` (`id`, `groupId`) VALUES (1,1),(20,4),(22,1),(23,1),(24,1),(25,1),(26,1),(27,2),(29,2),(30,2),(31,3),(32,3),(33,3),(34,4),(36,5),(37,6),(38,2),(41,4);
/*!40000 ALTER TABLE `musicians` ENABLE KEYS */;
UNLOCK TABLES;

--
-- Table structure for table `musicians_translate`
--

DROP TABLE IF EXISTS `musicians_translate`;
/*!40101 SET @saved_cs_client     = @@character_set_client */;
/*!40101 SET character_set_client = utf8 */;
CREATE TABLE `musicians_translate` (
  `id` int(11) NOT NULL AUTO_INCREMENT,
  `musicianId` int(11) DEFAULT NULL,
  `languageId` int(11) DEFAULT NULL,
  `name` varchar(45) DEFAULT NULL,
  `bio` longtext DEFAULT NULL,
  PRIMARY KEY (`id`)
) ENGINE=InnoDB AUTO_INCREMENT=93 DEFAULT CHARSET=utf8mb4;
/*!40101 SET character_set_client = @saved_cs_client */;

--
-- Dumping data for table `musicians_translate`
--

LOCK TABLES `musicians_translate` WRITE;
/*!40000 ALTER TABLE `musicians_translate` DISABLE KEYS */;
INSERT INTO `musicians_translate` (`id`, `musicianId`, `languageId`, `name`, `bio`) VALUES (1,1,1,'Олег Подов','Лауреат международных конкурсов, ведущий мастер сцены.\r\n\r\nОкончил 1990г. Среднюю специальную музыкальную школу при Белорусской государственной консерватории им. А.В. Луначарского (ССМШ при БГК) по классу скрипки  преподавателя Колос Л.Л.. В 1995г. окончил БГАМ класс преподавателя Кривель Р.Д.\r\n1993г. лауреат Национального конкурса (1 премия) в данное время это Международный конкурс исполнителей на струнных смычковых инструментах имени М.Ельского; 2001 г. лауреат (1 премия) Международного конкурса в г. Швайнфурте (Германия)\r\nВ Государственном камерном оркестре работает с 1995г., является концертмейстером оркестра с 1996 года. \r\nПредставляет белорусское исполнительское искусство в качестве солиста оркестра на международных фестивалях. \r\n'),(2,1,2,'Oleg Podov','Winner of international competitions, the leading master of the stage.\r\n\r\nHe graduated from 1990. In 1995 he graduated from BAM class of teacher Krivel R.D.\r\n1993 winner of the National Competition (1 prize) at the moment is the International Competition of Performers on String Bow Instruments named after M.Eelsky; 2001 Winner (1 prize) of the International Competition in Schweinfurt (Germany)\r\nHe has been working in the State Chamber Orchestra since 1995 and has been a concertmaster of the orchestra since 1996. \r\nHe represents Belarusian performing arts as an orchestra soloist at international festivals. \r\n'),(3,1,3,'Олег Подов','Лауреат международных конкурсов, ведущий мастер сцены.\r\n\r\nОкончил 1990г. Среднюю специальную музыкальную школу при Белорусской государственной консерватории им. А.В. Луначарского (ССМШ при БГК) по классу скрипки  преподавателя Колос Л.Л.. В 1995г. окончил БАМ класс преподавателя Кривель Р.Д.\r\n1993г. лауреат Национального конкурса (1 премия) в данное время это Международный конкурс исполнителей на струнных смычковых инструментах имени М.Ельского; 2001 г. лауреат (1 премия) Международного конкурса в г. Швайнфурте (Германия)\r\nВ Государственном камерном оркестре работает с 1995г., является концертмейстером оркестра с 1996 года. \r\nПредставляет белорусское исполнительское искусство в качестве солиста оркестра на международных фестивалях. \r\n'),(4,1,4,'Oleg Obow','Gewinner internationaler Wettbewerbe, der führende Meister der Etappe.\r\n\r\nEr graduierte 1990. 1995 absolvierte er die BAM-Klasse des Lehrers Krivel R.D.\r\n1993 Gewinner des Nationalen Wettbewerbs (1 Preis) ist der Internationale Wettbewerb der Performer auf Streichbogeninstrumenten, benannt nach M.Eelsky; 2001 Gewinner (1 Preis) des Internationalen Wettbewerbs in Schweinfurt\r\nEr arbeitet seit 1995 im Landeskammerorchester und ist seit 1996 Konzertmeister des Orchesters. \r\nEr vertritt belarussische darstellende Künste als Orchestersolist bei internationalen Festivals. \r\n'),(5,20,1,'Николай Киселев','Николай начал обучение музыке в классе Т.Г. Жаровой в Республиканской музыкальной гимназии-колледже при БГАМ, которую с отличием закончил в 2014 году. \r\nВ 2019 году также с отличием закончил Белорусскую государственную академию музыки в классе доцента Е.Н. Фещенко. \r\nЗа время обучения стал дипломантом открытого конкурса камерных ансамблей Ю.Ф. Корсака, 1й премии IV-го конкурса струнных квартетов имени Н.С.Щербакова. Выступал как сольно, так и в составе камерных ансамблей в Белорусской государственной филармонии, а так же в концертных залах Германии, Франции и Польши.  Также принимал участие в выступлениях в составе сборного молодежного оркестра ЦМШ при Московской консерватории, оркестра Большого театра РБ и Президентского оркестра РБ.  \r\nСо второй половины 2018 года продолжает свою творческую деятельность в Государственном камерном оркестре Республики Беларусь.\r\n\r\n'),(6,20,2,'Nikolai Kiselyov','Nikolai began studying music in the class of T.G. Sharova at the Republican Music College at BGAM, which he graduated with honors in 2014. \r\nIn 2019 he also graduated with honors from the Belarusian State Academy of Music in the class of Associate Professor E.N. Feshchenko. \r\nDuring his studies he became a graduate of the open competition of chamber ensembles of Y.F. Korsak, the 1st prize of the IV competition of string quartets named after N.S. Scherbakov. He performed both solo and as part of chamber ensembles in the Belarusian State Philharmonic, as well as in concert halls in Germany, France and Poland.  He also took part in performances as part of the national youth orchestra of the MOSCOW Conservatory, the Bolshoi Theatre Orchestra and the Presidential Orchestra of the Republic of Belarus.  \r\nSince the second half of 2018, he continues his creative activity in the State Chamber Orchestra of the Republic of Belarus.\r\n\r\n'),(7,20,3,'Николай Киселев','Николай начал обучение музыке в классе Т.Г. Жаровой в Республиканской музыкальной гимназии-колледже при БГАМ, которую с отличием закончил в 2014 году. \r\nВ 2019 году также с отличием закончил Белорусскую государственную академию музыки в классе доцента Е.Н. Фещенко. \r\nЗа время обучения стал дипломантом открытого конкурса камерных ансамблей Ю.Ф. Корсака, 1й премии IV-го конкурса струнных квартетов имени Н.С.Щербакова. Выступал как сольно, так и в составе камерных ансамблей в Белорусской государственной филармонии, а так же в концертных залах Германии, Франции и Польши.  Также принимал участие в выступлениях в составе сборного молодежного оркестра ЦМШ при Московской консерватории, оркестра Большого театра РБ и Президентского оркестра РБ.  \r\nСо второй половины 2018 года продолжает свою творческую деятельность в Государственном камерном оркестре Республики Беларусь.\r\n\r\n'),(8,20,4,'Nikolai Nikolade Nikolai Nikoladen','Nikolai begann ein Musikstudium in der Klasse von T.G. Sharova am Republican Music College am BGAM, das er 2014 mit Auszeichnung abschloss. \r\n2019 schloss er sein Studium an der Belarussischen Staatlichen Musikakademie in der Klasse des Associate Professor S.N. Feshchenko ab. \r\nWährend seines Studiums wurde er Absolvent des offenen Wettbewerbs der Kammerensembles von Y.F. Korsak, dem 1. Preis des IV. Wettbewerbs der Streichquartette, benannt nach N.S. Scherbakov. Er trat sowohl solo als auch als Teil von Kammerensembles in der Belarussischen Staatsphilharmonie sowie in Konzertsälen in Deutschland, Frankreich und Polen auf.  Er nahm auch an Auftritten im Rahmen des nationalen Jugendorchesters des MOSKAUer Konservatoriums, des Bolschoi-Theaterorchesters und des Präsidentenorchesters der Republik Belarus teil.  \r\nSeit der zweiten Hälfte des Jahres 2018 setzt er seine kreative Tätigkeit im Staatskammerorchester der Republik Belarus fort.\r\n\r\n'),(13,22,1,'Екатерина Мищанчук','Лауреат международных конкурсов, ведущий мастер сцены.\r\n\r\nЕкатерина Мищанчук обучалась в ЦССМШ при Московской государственной консерватории, Российской академии музыки им. Гнесиных по классу скрипки (класс заслуженной артистки РФ, профессора Е.К.Аджемовой). В 2002 г. закончила обучение в ассистентуре-стажировке РАМ им. Гнесиных на кафедре «камерного ансамбля» (класс профессора Т.Н.Тарнавской).\r\nВ том же году в составе трио стала победителем І Международного конкурса камерных ансамблей им. Танеева в г.Калуга (3 премия), а также получила Специальную премию и диплом «За вдохновение» от фонда Ирины Архиповой и Специальную премию от Института искусствознания «Московский дебют». В 2008 скрипачка стала лауреатом І премии на Международном конкурсе камерных ансамблей в г. Ворзеле (Украина).\r\nРаботала в Государственном камерном «Вивальди-оркестре» п/у народной артистки России С.Б.Безродной, Государственном симфоническом оркестре «Новая Россия» п/у народного артиста СССР Ю.Башмета, во время работы в этом оркестре выступала как солистка и в составе камерных ансамблей в концертах ,,Солисты оркестра-наша гордость\" \r\nС 2013 г. Екатерина работает в Государственном камерном оркестре Республики Беларусь. С 2015 года является первой скрипкой Минского струнного квартета Белгосфилармонии, а также  преподает по классу ,,скрипка\" в Республиканской музыкальной гимназии-колледже при БГАМ.'),(14,22,2,'Ekaterina Mischanchuk','Laureate of international competitions, leading stage master.\r\nEkaterina Mishchanchuk studied at the Central Music School of the Moscow State Conservatory, the Russian Academy of Music named after I. Gnesins in violin (class of Honored Artist of the Russian Federation, Professor E.K. Adzhemova). In 2002 she graduated from the assistant-internship at the Russian Academy of Music. Gnesins at the department of \"chamber ensemble\" (class of Professor T.N. Tarnavskaya).\r\nIn the same year, as a member of the trio, she became the winner of the 1st International Competition of Chamber Ensembles. Taneyev in Kaluga (3rd prize), and also received a Special Prize and a Diploma \"For Inspiration\" from the Irina Arkhipova Foundation and a Special Prize from the Institute of Art History \"Moscow Debut\". In 2008, the violinist became a laureate of the 1st prize at the International Competition of Chamber Ensembles in Vorzel (Ukraine).\r\nShe worked in the State Chamber \"Vivaldi Orchestra\" under the guidance of the Peoples Artist of Russia S.B. Bezrodnaya, the State Symphony Orchestra \"New Russia\" under the guidance of the Peoples Artist of the USSR Yuri Bashmet, while working in this orchestra she performed as a soloist and chamber ensembles in concerts \"Orchestra soloists are our pride\".\r\nSince 2013, Ekaterina has been working in the State Chamber Orchestra of the Republic of Belarus. Since 2015, he has been the first violin of the Minsk String Quartet of the Belarusian State Philharmonic Society, and also teaches in the violin class at the Republican College of Music at the Belarusian State Academy of Music.'),(15,22,3,'Екатерина Мищанчук','Лауреат международных конкурсов, ведущий мастер сцены\r\n\r\nЕкатерина Мищанчук обучалась в ЦССМШ при Московской государственной консерватории, Российской академии музыки им. Гнесиных по классу скрипки (класс заслуженной артистки РФ, профессора Е.К.Аджемовой). В 2002 г. закончила обучение в ассистентуре-стажировке РАМ им. Гнесиных на кафедре «камерного ансамбля» (класс профессора Т.Н.Тарнавской).\r\nВ том же году в составе трио стала победителем І Международного конкурса камерных ансамблей им. Танеева в г.Калуга (3 премия), а также получила Специальную премию и диплом «За вдохновение» от фонда Ирины Архиповой и Специальную премию от Института искусствознания «Московский дебют». В 2008 скрипачка стала лауреатом І премии на Международном конкурсе камерных ансамблей в г. Ворзеле (Украина).\r\nРаботала в Государственном камерном «Вивальди-оркестре» п/у народной артистки России С.Б.Безродной, Государственном симфоническом оркестре «Новая Россия» п/у народного артиста СССР Ю.Башмета.\r\nС 2013 г. Екатерина работает в Государственном камерном оркестре Республики Беларусь.\r\n'),(16,22,4,'Jekaterina Mischantschuk','Gewinner internationaler Wettbewerbe, Meister der Etappe\r\n\r\nEkaterina Mischanchuk studierte am Staatlichen Konservatorium Moskau, der Russischen Musikakademie von Gnesin in der Violinklasse (Klasse des geehrten russischen Künstlers, Professor E.K.Ajemova). 2002 absolvierte sie ihre Ausbildung zum Assistenzpraktikum RAM bei Gnesin am Department of \"Camera Ensemble\" (Klasse von Professor T.N. Tarnavskaya).\r\nIm selben Jahr gewann das Trio den Internationalen Kammerensemblewettbewerb in Kaluga (3. Preis) sowie den Sonderpreis und das Diplom für Inspiration der Irina Arkhipova Stiftung und den Sonderpreis des Moskauer Debütinstituts für Kunstforschung. 2008 wurde der Geiger beim Internationalen Kammerensembles-Wettbewerb in Vorzel, Ukraine, mit dem Preis ausgezeichnet.\r\nSie arbeitete in der Staatskammer \"Vivaldi Orchestra\" von der russischen Volkskünstlerin S.B. Bezrodnaya, dem Staatlichen Symphonieorchester \"Neurussland\" n/y People es Artist der UdSSR Y.Bashmet.\r\nSeit 2013 arbeitet Ekaterina im Staatskammerorchester der Republik Belarus.\r\n'),(17,23,1,'Павел Батян','Лауреат международных конкурсов\r\nведущий мастер сцены.\r\n\r\nОкончил обучение 2014г оркестрового факультета кафедры скрипки учреждения образования  “Белорусская государственная академия музыки” в классе доцента БГАМ Кривель Регины Дмитриевны,. \r\nОкончил магистратуру при БГАМ в 2015 году с присвоением квалификации Магистр искусствоведения.\r\nНачал обучаться музыке в возрасте 6 лет. В 1996г. поступил в ДМШ №10 \r\nг .Минска по классу скрипки. В ДМШ обучался 1год.\r\nВ 1997г. был зачислен в 1класс Республиканского учебного комплекса гимназия-колледж при БГАМ по специальности скрипка.\r\nС 2003 по 2011 гг. занимался в классе заслуженного деятеля искусств, профессора Кучинского Эдуарда Викторовича. \r\nВ 2005г. стал лауреатом  Международного конкурса «Olimpo Musicale», проходившего в июне 2005г. в  г. Каунасе, заняв I место в IV возрастной категории.\r\nВ 2007 году завоевал I премию на XIII международном конкурсе им. Е. Коки в Молдавии и II премию на международном конкурсе им. М. Ельского в  г . Минске.\r\nВ октябре 2009г. принимал участие в фестивале Юрия Башмета “Молодежная музыкальная академия стран СНГ”, г. Минск. Прошел\r\nмастер-классы у доцента Московской государственной консерватории\r\nим. П.И.Чайковского Александра Тростянского и профессора Московской государственной консерватории им. П.И.Чайковского и Высшей Школы\r\nмузыки  Кельна Виктора Третьякова.\r\nВ 2010 году получил бронзовую медаль на Шестых открытых молодежных Дельфийских играх государств-участников СНГ.\r\nВ ноябре 2010 года был приглашен на II международный фестиваль молодых исполнителей классической музыки «Восходящие звезды в Кремле» в сопровождении камерного оркестра «Виртуозы Москвы» под управлением Владимира Спивакова.\r\nВыступал в качестве солиста с оркестрами Белорусской государственной филармонии (камерным и симфоническим), с симфоническим оркестром Национального театра оперы и балета, с симфоническим оркестром Национальной теле - радио компании, с симфоническим оркестром “Молодая Беларусь” Белорусской государственной академии музыки. Осуществил творческие проекты со швейцарским, французским, российским и венесуэльским дирижерами.\r\nВыступает в Минске и других городах республики, а также в Германии, России, Польше, Англии, Литве.\r\n   Лауреат международных конкурсов.\r\n Обладатель Гранд-премии и звания лауреата Специального фонда Президента Республики Беларусь по поддержке талантливой молодежи (2008) как лауреату 1 премии ХIII Международного конкурса молодых исполнителей «Евгений Кока» (Молдова, 2007) и  лауреату 2 премии II Международного конкурса исполнителей  на струнных смычковых инструментах им.М.Ельского (Беларусь, 2007);  а так же Гранд-премии и звания лауреата Специального фонда Президента Республики Беларусь по поддержке талантливой молодежи (2011) как обладателю бронзовой медали VI Открытых молодежных Дельфийских игр государств - участников СНГ (Армения, 2010) \r\nИмеет диплом лауреата третьей премии III Международного конкурса исполнителей  на струнных смычковых инструментах им.М.Ельского (Минск, 2013).\r\nПавел Батян, несомненно, является ярким представителем белорусской скрипичной школы.\r\n   В настоящее время является  артистом Государственного камерного оркестра Республики Беларусь.'),(18,23,2,'Pavel Batyan','Winner of international competitions\r\nleading master of the stage.\r\n\r\nHe graduated from the 2014 Faculty of Orchestral Faculty of violin at the Belarusian State Academy of Music in the class of BGAM Associate Professor Krivel Regina Dmitrievna. \r\nHe graduated from the Bachelor&rsquo;s degree at BGAM in 2015 with the qualification of the Master of Art.\r\nHe began to study music at the age of 6. In 1996 he entered DMS No.10 \r\nMinsk in the violin class. He studied at THEMS for one year.\r\nIn 1997 he was enrolled in the 1st class of the Republican School Complex Gymnasium-College at BHAM with a specialty in violin.\r\nFrom 2003 to 2011 he studied in the class of honored artist, Professor Kuczynski Eduard Viktorovich. \r\nIn 2005 he was awarded the International Olimpo Musicale competition held in June 2005 in Kaunas, taking the first place in the 4th age category.\r\nIn 2007 he won the I prize at the 13th international competition by E. Koki in Moldova and the II prize at the international competition by Im. Ilsky in The City of . Minsk.\r\nIn October 2009, he took part in the Yuri Bashmet Festival &quot;Youth Music Academy of CIS countries&quot; in Minsk. Passed\r\nmaster classes at the Assistant Professor of the Moscow State Conservatory\r\nAlexander Trostyansky, a professor at the Moscow State Conservatory, and Alexander Trostyansky, a professor at the Moscow State Conservatory, and the Higher School of Education\r\nCologne&rsquo;s Victor Tretyakov.\r\nIn 2010, he won a bronze medal at the Sixth Open Youth Delphic Games of CIS member states.\r\nIn November 2010, he was invited to the II International Festival of Young Classical Music Artists &quot;Rising Stars in the Kremlin&quot; accompanied by the chamber orchestra &quot;Virtuosos of Moscow&quot; under the direction of Vladimir Spivakov.\r\nHe performed as a soloist with the orchestras of the Belarusian State Philharmonic (chamber and symphonic), with the Symphony Orchestra of the National Opera and Ballet Theatre, with the National Television and Radio Company Symphony Orchestra, and with the Young Belarus Symphony Orchestra of the Belarusian State Academy of Music. He carried out creative projects with Swiss, French, Russian and Venezuelan conductors.\r\nHe performs in Minsk and other cities of the republic, as well as in Germany, Russia, Poland, England, Lithuania.\r\n   Winner of international competitions.\r\n Winner of the Grand Prize and the title of the Winner of the Special Fund of the President of the Republic of Belarus for the Support of Talented Youth (2008) as the winner of the 11th Prize of the 13II International Young Performers Competition &quot;Eugene Coca&quot; (Moldova, 2007) and the winner of the 2nd Prize II of the International Competition for String Bows Artists (Belarus, 2007);  as well as the Grand Prize and the title of the winner of the Special Fund of the President of the Republic of Belarus for the Support of Talented Youth (2011) as the winner of the bronze medal of the VI Open Youth Delphic Games of THE CIS countries (Armenia, 2010) \r\nHe holds the diploma of the winner of the third prize III of the International Competition of Performers on String Bow Instruments by Im.M.Eelsky (Minsk, 2013).\r\nPavel Batyan is undoubtedly a bright representative of the Belarusian violin school.\r\n   He is currently an artist of the State Chamber Orchestra of the Republic of Belarus.'),(19,23,3,'Павел Батян','Лауреат международных конкурсов\r\nведущий мастер сцены.\r\n\r\nОкончил обучение 2014г оркестрового факультета кафедры скрипки учреждения образования  “Белорусская государственная академия музыки” в классе доцента БГАМ Кривель Регины Дмитриевны,. \r\nОкончил магистратуру при БГАМ в 2015 году с присвоением квалификации Магистр искусствоведения.\r\nНачал обучаться музыке в возрасте 6 лет. В 1996г. поступил в ДМШ №10 \r\nг .Минска по классу скрипки. В ДМШ обучался 1год.\r\nВ 1997г. был зачислен в 1класс Республиканского учебного комплекса гимназия-колледж при БГАМ по специальности скрипка.\r\nС 2003 по 2011 гг. занимался в классе заслуженного деятеля искусств, профессора Кучинского Эдуарда Викторовича. \r\nВ 2005г. стал лауреатом  Международного конкурса «Olimpo Musicale», проходившего в июне 2005г. в  г. Каунасе, заняв I место в IV возрастной категории.\r\nВ 2007 году завоевал I премию на XIII международном конкурсе им. Е. Коки в Молдавии и II премию на международном конкурсе им. М. Ельского в  г . Минске.\r\nВ октябре 2009г. принимал участие в фестивале Юрия Башмета “Молодежная музыкальная академия стран СНГ”, г. Минск. Прошел\r\nмастер-классы у доцента Московской государственной консерватории\r\nим. П.И.Чайковского Александра Тростянского и профессора Московской государственной консерватории им. П.И.Чайковского и Высшей Школы\r\nмузыки  Кельна Виктора Третьякова.\r\nВ 2010 году получил бронзовую медаль на Шестых открытых молодежных Дельфийских играх государств-участников СНГ.\r\nВ ноябре 2010 года был приглашен на II международный фестиваль молодых исполнителей классической музыки «Восходящие звезды в Кремле» в сопровождении камерного оркестра «Виртуозы Москвы» под управлением Владимира Спивакова.\r\nВыступал в качестве солиста с оркестрами Белорусской государственной филармонии (камерным и симфоническим), с симфоническим оркестром Национального театра оперы и балета, с симфоническим оркестром Национальной теле - радио компании, с симфоническим оркестром “Молодая Беларусь” Белорусской государственной академии музыки. Осуществил творческие проекты со швейцарским, французским, российским и венесуэльским дирижерами.\r\nВыступает в Минске и других городах республики, а также в Германии, России, Польше, Англии, Литве.\r\n   Лауреат международных конкурсов.\r\n Обладатель Гранд-премии и звания лауреата Специального фонда Президента Республики Беларусь по поддержке талантливой молодежи (2008) как лауреату 1 премии ХIII Международного конкурса молодых исполнителей «Евгений Кока» (Молдова, 2007) и  лауреату 2 премии II Международного конкурса исполнителей  на струнных смычковых инструментах им.М.Ельского (Беларусь, 2007);  а так же Гранд-премии и звания лауреата Специального фонда Президента Республики Беларусь по поддержке талантливой молодежи (2011) как обладателю бронзовой медали VI Открытых молодежных Дельфийских игр государств - участников СНГ (Армения, 2010) \r\nИмеет диплом лауреата третьей премии III Международного конкурса исполнителей  на струнных смычковых инструментах им.М.Ельского (Минск, 2013).\r\nПавел Батян, несомненно, является ярким представителем белорусской скрипичной школы.\r\n   В настоящее время является  артистом Государственного камерного оркестра Республики Беларусь.'),(20,23,4,'Pawel Alexandroscher','Gewinner internationaler Wettbewerbe\r\nführender Meister der Bühne.\r\n\r\nEr absolvierte 2014 die Fakultät für Orchestervioline an der Belarussischen Staatlichen Musikakademie in der Klasse von BGAM Associate Professor Krivel Regina Dmitrievna. \r\n2015 schloss er sein Studium an der BGAM mit der Qualifikation zum Master of Art ab.\r\nIm Alter von 6 Jahren begann er, Musik zu studieren. 1996 trat er in die DMS Nr. 10 ein \r\nMinsk in der Violinklasse. Er studierte ein Jahr an der THEMS.\r\n1997 wurde er in die 1. Klasse des Republican School Complex Gymnasium-College am BHAM mit einer Spezialrichtung Violine eingeschrieben.\r\nVon 2003 bis 2011 studierte er in der Klasse des geehrten Künstlers Professor Kuczynski Eduard Viktorovich. \r\n2005 wurde er mit dem Internationalen Olimpo Musicale Wettbewerb ausgezeichnet, der im Juni 2005 in Kaunas stattfand und den ersten Platz in der 4. Altersklasse belegte.\r\n2007 gewann er den I-Preis beim 13. internationalen Wettbewerb von E. Koki in Moldawien und den II. Preis beim internationalen Wettbewerb von Im. Ilsky in Der Stadt . Minsk.\r\nIm Oktober 2009 nahm er am Yuri Bashmet Festival &quot;Youth Music Academy of CIS countries&quot; in Minsk teil. Übergeben\r\nMeisterkurse am Assistenzprofessor des Staatlichen Konservatoriums Moskau\r\nAlexander Trostjansky, Professor am Staatlichen Konservatorium Moskau, und Alexander Trostjansky, Professor am Staatlichen Konservatorium Moskau und an der Hochschule für Bildung\r\nKölns Victor Tretjakow.\r\n2010 gewann er die Bronzemedaille bei den Sechsten Open Youth Delphic Games der GUS-Mitgliedstaaten.\r\nIm November 2010 wurde er zum II. Internationalen Festival der Jungen Klassik-Künstler &quot;Rising Stars in the Kremlin&quot; eingeladen, begleitet vom Kammerorchester &quot;Virtuosos of Moscow&quot; unter der Leitung von Vladimir Spivakov.\r\nEr trat als Solist mit den Orchestern der Belarussischen Staatsphilharmonie (Kammer und Symphonik), mit dem Symphonieorchester des Nationalen Opern- und Balletttheaters, mit dem National Television and Radio Company Symphony Orchestra und mit dem Young Belarus Symphony Orchestra der Belarussischen Staatlichen Musikakademie auf. Er führte kreative Projekte mit Schweizer, Französischen, Russischen und venezolanischen Dirigenten durch.\r\nEr tritt in Minsk und anderen Städten der Republik sowie in Deutschland, Russland, Polen, England, Litauen auf.\r\n   Gewinner internationaler Wettbewerbe.\r\n Gewinner des Großen Preises und des Titels des Gewinners des Sonderfonds des Präsidenten der Republik Belarus zur Unterstützung talentierter Jugendlicher (2008) als Gewinner des 11. Preises des 13II International Young Performers Competition &quot;Eugene Coca&quot; (Moldawien, 2007) und Gewinner des 2. Preises II des Internationalen Wettbewerbs für String Bows Artists (Weißrussland, 2007);  sowie den Großen Preis und den Titel des Gewinners des Sonderfonds des Präsidenten der Republik Belarus zur Unterstützung der talentierten Jugend (2011) als Gewinner der Bronzemedaille der VI Offenen Jugend-Delphische Spiele der GUS-Länder (Armenien, 2010) \r\nEr besitzt das Diplom des Gewinners des dritten Preises III des Internationalen Wettbewerbs der Performer auf Streichbogeninstrumenten von Im.M.Eelsky (Minsk, 2013).\r\nPavel Batyan ist zweifellos ein heller Vertreter der belarussischen Violinschule.\r\n   Derzeit ist er Künstler des Staatskammerorchesters der Republik Belarus.'),(21,24,1,'Александра Сердюкова','Училась в Муз. Училище им. М.И. Глинки(2004-2008) в классе преподавателя Арабей Г. Е. В 2013г окончила Белорусскую государственную академию музыки, класс преподавателя Кривель Р.Д. За время обучения участвовала таких проектах, как \"International Youth Festival in Bayreuth\" (2010), \"I Culture Orchestra\" (2011-2012), стала лауреатом Республиканского конкурса камерных ансамблей им. Н. Щербакова (2013).\r\n\r\nВ дальнейшем Александра работала в оркестре Белтелерадиокомпании(2012), \"Минск оркестра\"(Minsk orchestra) 2013-2015 гг. В составе этого оркестра принимала участие в фестивале \"Tiroler Festspiele Erl\". С 2015 года продолжает свою творческую деятельность в Государственном камерном оркестре РБ. \r\n'),(22,24,2,'Alexandra Serdyukova','She studied at Moose. School by M.I. Glinka (2004-2008) in the class of teacher Arabei G. In 2013 she graduated from the Belarusian State Academy of Music, teacher class Krivel R.D. During her training participated in such projects as \"International Youth Festival in Bayreuth\" (2010), \"I Culture Orchestra\" (2011-2012), became the winner of the Republican Chamber Ensemble Competition by N. Scherbakov (2013).\r\n\r\nLater Alexandra worked in the orchestra of the Belteleradio Company (2012), \"Minsk Orchestra\" 2013-2015. Since 2015, he has continued his creative activity in the State Chamber Orchestra of the Republic of Belarus. \r\n'),(23,24,3,'Александра Сердюкова','Училась в Муз. Училище им. М.И. Глинки(2004-2008) в классе преподавателя Арабей Г. Е. В 2013г окончила Белорусскую государственную академию музыки, класс преподавателя Кривель Р.Д. За время обучения участвовала таких проектах, как \"International Youth Festival in Bayreuth\" (2010), \"I Culture Orchestra\" (2011-2012), стала лауреатом Республиканского конкурса камерных ансамблей им. Н. Щербакова (2013).\r\n\r\nВ дальнейшем Александра работала в оркестре Белтелерадиокомпании(2012), \"Минск оркестра\"(Minsk orchestra) 2013-2015 гг. В составе этого оркестра принимала участие в фестивале \"Tiroler Festspiele Erl\". С 2015 года продолжает свою творческую деятельность в Государственном камерном оркестре РБ. \r\n'),(24,24,4,'Alexandra Serdyukova (Tschechowskaja)','Sie studierte in Moose. Schule von M.I. Glinka (2004-2008) in der Klasse von Lehrer Arabei G. 2013 absolvierte sie die Belarussische Staatliche Musikakademie, Lehrerklasse Krivel R.D. Während ihrer Ausbildung nahm sie an Projekten wie \"Internationales Jugendfestival in Bayreuth\" (2010), \"I Culture Orchestra\" (2011-2012), wurde Gewinnerin des Republikanischen Kammerensemblewettbewerbs von N. Scherbakov (2013).\r\n\r\nSpäter arbeitete Alexandra im Orchester der Belteleradio Company (2012), \"Minsk Orchestra\" 2013-2015. Seit 2015 ist er im Staatskammerorchester der Republik Belarus tätig. \r\n'),(25,25,1,'Юлия Подова','В 2014 году закончила с отличием ГУО «Республиканская гимназия-колледж при Белорусской государственной академии музыки. С 2014 по 2019 г. училась в Санкт-Петербургской государственной консерватории имени Н.А. Римского-Корсакова в классе Заслуженного артиста Российской Федерации, доцента Ильи Вениаминовича Иоффа.\r\nВо время учёбы в Санкт-Петербургской консерватории ежегодно участвовала в фестивале «Международная неделя консерваторий» в составе камерного и симфонического оркестров СПбГК (концерты проходили на разных площадках Санкт-Петербурга: в Большом и малом залах Санкт-Петербургской государственной филармонии, Концертном зале Мариинского театра). В составе симфонического оркестра СПбГК участвовала в концертных поездках по России и ближнему зарубежью.  Ежегодно принимала участие в концертах кафедры скрипки, концертах класса доцента, Заслуженного артиста РФ Иоффа И.В.  Выступала сольно и в составе камерных ансамблей, квартетов на различных культурных площадках Санкт-Петербурга: в Русском музее, камерных залах Мариинского театра, Музее-квартире Л.Н. Бенуа.\r\nВ 2019 году была принята на работу в ГКО РБ (группа первых скрипок), где работает по настоящее время.\r\n'),(26,25,3,'Юлия Подова','В 2014 году закончила с отличием ГУО «Республиканская гимназия-колледж при Белорусской государственной академии музыки. С 2014 по 2019 г. училась в Санкт-Петербургской государственной консерватории имени Н.А. Римского-Корсакова в классе Заслуженного артиста Российской Федерации, доцента Ильи Вениаминовича Иоффа.\r\nВо время учёбы в Санкт-Петербургской консерватории ежегодно участвовала в фестивале «Международная неделя консерваторий» в составе камерного и симфонического оркестров СПбГК (концерты проходили на разных площадках Санкт-Петербурга: в Большом и малом залах Санкт-Петербургской государственной филармонии, Концертном зале Мариинского театра). В составе симфонического оркестра СПбГК участвовала в концертных поездках по России и ближнему зарубежью.  Ежегодно принимала участие в концертах кафедры скрипки, концертах класса доцента, Заслуженного артиста РФ Иоффа И.В.  Выступала сольно и в составе камерных ансамблей, квартетов на различных культурных площадках Санкт-Петербурга: в Русском музее, камерных залах Мариинского театра, Музее-квартире Л.Н. Бенуа.\r\nВ 2019 году была принята на работу в ГКО РБ (группа первых скрипок), где работает по настоящее время.\r\n'),(27,25,2,'Yulia Podova','In 2014 she graduated with honors from the Republican Gymnasium College at the Belarusian State Academy of Music. From 2014 to 2019 she studied at the St. Petersburg State Conservatory named after N.A. Rimsky-Korsakov in the class of Distinguished Artist of the Russian Federation, Associate Professor Ilya Ioff.\r\nDuring her studies at the St. Petersburg Conservatory, she participated annually in the international conservatory week festival as part of the SPBGC Chamber and Symphony Orchestras (concerts were held at different venues in St. Petersburg: in the Great and Small Halls of the St. Petersburg State Philharmonic, the Mariinsky Theatre Concert Hall). As part of the spbGC symphony orchestra she participated in concert trips to Russia and neighboring countries.  Every year she took part in concerts of the Violin Department, concerts of the class of Associate Professor, Distinguished Artist of the Russian Federation Ioff I.V.  She performed solo and as part of chamber ensembles, quartets at various cultural venues in St. Petersburg: in the Russian Museum, chamber halls of the Mariinsky Theatre, the Museum-apartment of L.N. Benoit.\r\nIn 2019, she was hired by the RB (group of first violins), where she works to the present day.\r\n'),(28,25,4,'Julia Alexandrowna Podowa','2014 schloss sie ihr Studium am Republican College an der Belarussischen Staatlichen Musikakademie mit Auszeichnung ab. Von 2014 bis 2019 studierte sie am Staatlichen Konservatorium St. Petersburg, benannt nach N.A. Rimsky-Korsakov in der Klasse des Distinguished Artist of the Russian Federation, Associate Professor Ilya Ioff.\r\nWährend ihres Studiums am Konservatorium St. Petersburg nahm sie jährlich am Internationalen Wintergartenwochenfestival im Rahmen der SPBGC Chamber and Symphony Orchestras teil (Konzerte fanden an verschiedenen Orten in St. Petersburg statt: in den Großen und Kleinen Sälen der Staatsphilharmonie St. Petersburg, dem Konzertsaal des Mariinsky-Theaters). Im Rahmen des spbGC-Symphonieorchesters nahm sie an Konzertreisen nach Russland und ins benachbarte Ausland teil.  Jedes Jahr nahm sie an Konzerten der Violinabteilung, Konzerten der Klasse associate Professor, Distinguished Artist of the Russian Federation Ioff I.V. teil.  Sie trat solo und als Teil von Kammerensembles, Quartette an verschiedenen kulturellen Orten in St. Petersburg auf: im Russischen Museum, im Kammersaal des Mariinsky-Theaters, in der Museumswohnung von L.N. Benoit.\r\n2019 wurde sie von der RB (Gruppe der ersten Violinen) eingestellt, wo sie bis heute arbeitet.\r\n'),(29,26,1,'Анастасия Каризна','Лауреат международных конкурсов.\r\nАнастасия начала свое обучени музыке с Республиканской гимназии-колледже при БГАМ, которую сотличием закончила в 2008г. В разное время училась у Л. В. Умновой, Л. М. Кулешова, Н. Г. Лапшиной, Г. П. Солопахо. Свое обучение Анастасия продолжила в 2008-2010 в Парижской региональной консерватории в классе И. С. Волошина. Затем в 2010-2013гг получила степень бакалавра в Парижской высшей национальной консерватории музыки и танца в классе Б. М. Гарлицкого. В 2013-2014 Королевская консерватория Брюсселя обучалась по программе Эрасмус в классе Ф. Граффана, а в 2014 - 2015 получила диплом мастера Парижской высшей национальной консерватории музыки и танца (класс Ж. – М. Филлипса).\r\nвыступала в качестве солистки с Белорусским Государственным камерным  и симфоническим оркестрами в рамках обучения в гимназии - колледже\r\nв качестве солистки с камерным оркестром Новая Европа во Франции \r\nВыступала как сольно, так и в составе камерных ансамблей и оркестров, в таких залах как Зал Плейель, Зал Корто,  в зале Отеля Субис - Национальных архивах, в зале Музея армии в Доме Инвалидов в Париже, залaх Концерт Нобль и Флаже в Брюсселе, в зале Международного  Дома Музыки в Москве,  Белорусской Государственной филармонии и  многих других. \r\nЗа время своей творческой деятельности получила множество наград: Международный конкурс исполнителей на струнно-смычковых инструментах в Рязани, России – диплом (2000 год), Открытый Приволжский конкурс исполнителей на струнно-смычковых инструментах в Нижнем Новгороде, России -  звание лауреата 4 премии (2004 год)\r\nКонкурс камерных ансамблей имени Ю. Ф. Корсака в Минске, Беларуси - звание лауреата 1 премии в номинации \"дуэт\" (2006 год), Международный конкурс \"Александр Глазунов\" в Баньёле, Франция - звание лауреата 3 премии (2010 год)\r\nМеждународный конкурс \"Флам\" в Париже, Франция - звание лауреата 3 премии (2011 год). \r\nИграет на скрипке бельгийского мастера Огюста Фалисса, сделанной в Брюсселе в 1908 году'),(30,26,2,'Anastasia Karinzna','Winner of international competitions.\r\nAnastasia began her education of music with the Republican Gymnasium-College at BGAM, which she graduated from in 2008. Anastasia continued her studies in 2008-2010 at the Paris Regional Conservatory in the class of I.S. Voloshin. Then in 2010-2013 she received a bachelor&rsquo;s degree from the Paris Higher National Conservatory of Music and Dance in the class of B.M. Garlitsky. In 2013-2014, the Royal Conservatory of Brussels was trained under the Erasmus program in the class of F. Graffan, and in 2014 - 2015 received the diploma of master of the Paris Higher National Conservatory of Music and Dance (class J. - M. Phillips).\r\nperformed as a soloist with the Belarusian State Chamber and Symphony Orchestras as part of her studies at the gymnasium - college\r\nas a soloist with the New Europe Chamber Orchestra in France \r\nShe performed both solo and as part of chamber ensembles and orchestras, in such halls as the Hall of The Playel, the Hall of the Corto, in the hall of the Hotel Subis - National Archives, in the hall of the Army Museum in the House of the Disabled in Paris, the halls of the Concerto Noble and Flage in Brussels, in the hall of the International House of Music in Moscow, the Belarusian State Philharmonic and many others. \r\nDuring her creative work she received many awards: the International Competition of Performers on String and Bow Instruments in Ryazan, Russia - Diploma (2000), the Open Volga Competition of Performers on String and Bow Instruments in Nizhny Novgorod, Russia - the title of winner of 4 prizes (2004)\r\nThe competition of chamber ensembles named after Yuri F. Korsak in Minsk, Belarus - the title of the winner of 1 prize in the category &quot;duo&quot; (2006), the International competition &quot;Alexander Glazunov&quot; in Bagnja, France - the title of the winner of 3 prizes (2010)\r\nFlame International Competition in Paris, France - the title of the winner of 3 awards (2011). \r\nPlays the violin of the Belgian master Auguste Falissa, made in Brussels in 1908'),(31,26,3,'Анастасия Каризна','Лауреат международных конкурсов.\r\nАнастасия начала свое обучени музыке с Республиканской гимназии-колледже при БГАМ, которую сотличием закончила в 2008г. В разное время училась у Л. В. Умновой, Л. М. Кулешова, Н. Г. Лапшиной, Г. П. Солопахо. Свое обучение Анастасия продолжила в 2008-2010 в Парижской региональной консерватории в классе И. С. Волошина. Затем в 2010-2013гг получила степень бакалавра в Парижской высшей национальной консерватории музыки и танца в классе Б. М. Гарлицкого. В 2013-2014 Королевская консерватория Брюсселя обучалась по программе Эрасмус в классе Ф. Граффана, а в 2014 - 2015 получила диплом мастера Парижской высшей национальной консерватории музыки и танца (класс Ж. – М. Филлипса).\r\nвыступала в качестве солистки с Белорусским Государственным камерным  и симфоническим оркестрами в рамках обучения в гимназии - колледже\r\nв качестве солистки с камерным оркестром Новая Европа во Франции \r\nВыступала как сольно, так и в составе камерных ансамблей и оркестров, в таких залах как Зал Плейель, Зал Корто,  в зале Отеля Субис - Национальных архивах, в зале Музея армии в Доме Инвалидов в Париже, залaх Концерт Нобль и Флаже в Брюсселе, в зале Международного  Дома Музыки в Москве,  Белорусской Государственной филармонии и  многих других. \r\nЗа время своей творческой деятельности получила множество наград: Международный конкурс исполнителей на струнно-смычковых инструментах в Рязани, России – диплом (2000 год), Открытый Приволжский конкурс исполнителей на струнно-смычковых инструментах в Нижнем Новгороде, России -  звание лауреата 4 премии (2004 год)\r\nКонкурс камерных ансамблей имени Ю. Ф. Корсака в Минске, Беларуси - звание лауреата 1 премии в номинации &quot;дуэт&quot; (2006 год), Международный конкурс &quot;Александр Глазунов&quot; в Баньёле, Франция - звание лауреата 3 премии (2010 год)\r\nМеждународный конкурс &quot;Флам&quot; в Париже, Франция - звание лауреата 3 премии (2011 год). \r\nИграет на скрипке бельгийского мастера Огюста Фалисса, сделанной в Брюсселе в 1908 году'),(32,26,4,'Anastasia Karinzna','Gewinner internationaler Wettbewerbe.\r\nAnastasia begann ihre Musikausbildung am Republican Gymnasium am BGAM, das sie 2008 abschloss. Anastasia setzte ihr Studium 2008-2010 am Pariser Regionalkonservatorium in der Klasse von I.S. Voloshin fort. 2010-2013 erhielt sie einen Bachelor-Abschluss am Pariser Höheren Nationalen Konservatorium für Musik und Tanz in der Klasse von B.M. Garlitsky. In den Jahren 2013-2014 wurde das Königliche Konservatorium von Brüssel im Rahmen des Erasmus-Programms in der Klasse von F. Graffan ausgebildet und erhielt in den Jahren 2014 - 2015 das Diplom des Meisters des Pariser Höheren Nationalen Konservatoriums für Musik und Tanz (Klasse J. - M. Phillips).\r\nals Solistin bei der belarussischen Staatskammer und Sinfonieorchester im Rahmen ihres Studiums am Gymnasium - College\r\nals Solist beim New Europe Chamber Orchestra in Frankreich \r\nSie trat sowohl solo als auch als Teil von Kammerensembles und Orchestern auf, in Sälen wie dem Saal des Playel, dem Saal des Corto, im Saal des Hotels Subis - Nationalarchiv, im Saal des Armeemuseums im Haus der Behinderten in Paris, in den Sälen des Concerto Noble and Flage in Brüssel, im Saal des Internationalen Musikhauses in Moskau, im Weißrussischen Staatsphilharmonie und vielen anderen. \r\nWährend ihrer kreativen Arbeit erhielt sie viele Auszeichnungen: den Internationalen Wettbewerb der Performer auf Streicher nadienen und Bogeninstrumenten in Rjasan, Russland - Diplom (2000), den Offenen Wolga-Wettbewerb der Performer auf Streichern und Bogeninstrumenten in Nischni Nowgorod, Russland - der Titel des Gewinners von 4 Preisen (2004)\r\nDer Wettbewerb der Kammerensembles benannt nach Juri F. Korsak in Minsk, Weißrussland - der Titel des Gewinners von 1 Preis in der Kategorie &quot;Duo&quot; (2006), der Internationale Wettbewerb &quot;Alexander Glazunov&quot; in Bagnja, Frankreich - der Titel des Gewinners von 3 Preisen (2010)\r\nFlame International Competition in Paris, Frankreich - der Titel des Gewinners von 3 Auszeichnungen (2011). \r\nSpielt die Violine des belgischen Meisters Auguste Falissa, hergestellt 1908 in Brüssel'),(33,27,1,'Константин Сидорук','Ведущий мастер сцены.\r\nНачал учиться играть на скрипке в г. Гродно, в. ДМШ, затем, с 1976 по 1980, в музыкальном училище, в классе В.Н.Гильдюка. В том же году поступил в Белорусккую государственную консерваторию, в класс В. Г. Черныша. Окончил её в 1985г, и после службы в армии, в 1987г. начал свою трудовую деятельность в только что образованном Государственном концертном оркестре М. Я. Финберга.  Участвовал в концертах как соло, так и в составе оркестра и ансамбля скрипачей, на фестивалях в Москве, Зелёной Гуре, Витебске, Ульяновске, Молодечно, мастер-классах с оркестром в Германии и Норвегии. В 1995г был принят в государственный камерный оркестр РБ, в котором работает по сей день.'),(34,27,2,'Konstantin Sidoruk','Leading stage master\r\nHe began to learn to play the violin in Hrodna, V. DMS, then, from 1976 to 1980, in a music school, in the class of V.N. Hildyuk. In the same year he entered the Belarusian State Conservatory, in the class of V.G. Chernysh. He graduated in 1985, and after serving in the army, in 1987 began his career in the newly formed State Concert Orchestra M. J. Finberg.  He participated in concerts as a solo, as well as as a member of the orchestra and ensemble of violinists, at festivals in Moscow, Green Gura, Vitebsk, Ulyanovsk, Youth. In 1995 he was admitted to the state chamber orchestra of RB, where he works to this day. It was hard in my time. '),(35,27,3,'Константин Сидорук','Ведущий мастер сцены\r\nНачал учиться играть на скрипке в г. Гродно, в. ДМШ, затем, с 1976 по 1980, в музыкальном училище, в классе В.Н.Гильдюка. В том же году поступил в Белорусккую государственную консерваторию, в класс В. Г. Черныша. Окончил её в 1985г, и после службы в армии, в 1987г. начал свою трудовую деятельность в только что образованном Государственном концертном оркестре М. Я. Финберга.  Участвовал в концертах как соло, так и в составе оркестра и ансамбля скрипачей, на фестивалях в Москве, Зелёной Гуре, Витебске, Ульяновске, Молодечно. В 1995г был принят в государственный камерный оркестр РБ, в котором работает по сей день. В моё время с этим было сложно. '),(36,27,4,'Konstantin Sidoruk','Führender Bühnenmeister\r\nEr begann Geige in Hrodna, V. DMS, dann von 1976 bis 1980 in einer Musikschule, in der Klasse von V.N. Hildyuk zu spielen. Im selben Jahr trat er in das Belarussische Staatliche Konservatorium ein, in der Klasse von V.G. Chernysh. Er graduierte 1985 und begann 1987 seine Karriere im neu gegründeten Staatskonzertorchester M. J. Finberg.  Er nahm an Konzerten als Solo, sowie als Mitglied des Orchesters und Ensemble von Geigern, bei Festivals in Moskau, Green Gura, Vitebsk, Uljanowsk, Jugend. 1995 wurde er in das Landeskammerorchester von RB aufgenommen, wo er bis heute arbeitet. Es war hart in meiner Zeit. '),(41,29,1,'Мария Ракель','В 2016 г. с отличием окончила БГАМ ( класс доцента Р.Д. Кривель). Лауреат республиканских и международных конкурсов. Участвовала в международной оркестровой академии Penderecki music: akademia westfalen, которая проходила в Германии, Голландии и Польше. С 2015г. является артистом Государственного камерного оркестра РБ.'),(42,29,2,'Maria Raquel','In 2016, she graduated with honors from BGAM (Associate Professor R.D. Krivel). Winner of national and international competitions. She participated in the international orchestral academy Penderecki music: akademia westfalen, which was held in Germany, Holland and Poland. Since 2015 he has been an artist of the State Chamber Orchestra of rb.'),(43,29,3,'Мария Ракель','В 2016 г. с отличием окончила БГАМ ( класс доцента Р.Д. Кривель). Лауреат республиканских и международных конкурсов. Участвовала в международной оркестровой академии Penderecki music: akademia westfalen, которая проходила в Германии, Голландии и Польше. С 2015г. является артистом Государственного камерного оркестра РБ.'),(44,29,4,'Maria Raquel','Gewinner internationaler Wettbewerbe\r\n\r\nSie absolvierte das Nvopolotsky State College in der Violinklasse von Lehrer Piszczyk L.I. Im Jahr 2016 absolvierte sie die BGAM-Klasse von Associate Professor Krivel R.D.\r\nGewinner des Internationalen Instrumentalwettbewerbs Evgen Stankovic \r\nDer Preis. Kiew, 2013\r\n Seit 2015 ist sie in der Gruppe der Violinen des Landeskammerorchesters eingeschrieben.\r\n'),(45,30,1,'Сергей Терешков','Ведущий мастер сцены.\r\nВ 1983 году Сергей Терешков окончил Белорусскую государственную консерваторию по классу скрипки у профессора В.Г. Черныша. В 1982-87 гг. работал в Симфоническом оркестре Государственного академического Большого театра оперы и балета БССР, в 1987-93 годах - в Государственном концертном оркестре Республики Беларусь, в 1993-99 годах - в Государственном камерном оркестре Республики Беларусь, в 1999-2001 годах - в оркестре \"МинскОркестра\".\r\nС 2005 года С. Терешков работает в Государственном камерном оркестре Республики Беларусь.'),(46,30,2,'Sergey Tereshkov','Leading stage master\r\nIn 1983, Sergey Tereshkov graduated from the Belarusian State Conservatory in violin class with Professor V.G. Chernyak. In 1982-87 he worked in the Symphony Orchestra of the State Academic Bolshoi Opera and Ballet Theatre of the BSSR, in 1987-93 - in the State Concert Orchestra of the Republic of Belarus, in 1993-99 - in the State Chamber Orchestra of the Republic of Belarus, in 1999-2001 - in the orchestra \"Minsk Orchestra\".\r\nSince 2005, S. Tereshkov has been working in the State Chamber Orchestra of the Republic of Belarus.'),(47,30,3,'Сергей Терешков','Вядучы майстра сцэны\r\nСяргей Аляксандравіч Церашкоў у 1983 скончыў Беларускую дзяржаўную кансерваторыю па класе скрыпкі ў прафесара В.Г.Чэрніка. У 1982-87 гг. працаваў у Сімфанічным аркестры Дзяржаўнага акадэмічнага Вялікага тэатра оперы і балета БССР, у 1987-93 – у Дзяржаўным канцэртным аркестры Рэспублікі Беларусь, у 1993-99 – у Дзяржаўным камерным аркестры Рэспублікі Беларусь, у 1999-2001 – у аркестры “MinskOrkestra”.\r\nЗ 2005 года і па цяперашні час С.Церашкоў працуе ў Дзяржаўным камерным аркестры Рэспублікі Беларусь.\r\n'),(48,30,4,'Sergei Sergejewitsch Tereschkow','Führender Bühnenmeister\r\n1983 absolvierte Sergej Tereschkow das Belarussische Staatliche Konservatorium in der Violinklasse bei Professor V.G. Chernyak. 1982-87 arbeitete er im Sinfonieorchester des Staatlichen Akademischen Bolschoi-Opern- und Balletttheaters der BSSR, 1987-93 - im Staatskonzertorchester der Republik Belarus, 1993-99 - im Staatskammerorchester der Republik Belarus, 1999-2001 - im Orchester \"Minsk Orchestra\".\r\nSeit 2005 arbeitet S. Tereshkov im Staatskammerorchester der Republik Belarus.'),(49,31,1,'Елена Сердюкова','Начала обучение в Белорусской государственной академии музыки в 2011 году. Закончила в 2016 году с присуждением звания солиста.\r\nВ 2011 году принимала участие в Республиканском конкурсе имени Глебова. Завоевала 2-ю премию.\r\nВ 2010 году принимала участие в международном фестивале Musica Mundi Бельгия. Проходила мастер-классы у Ilmar Gavilan,Melissa White, Ivry Gitlis, Maxim Vengerov, Viadimir Perlin, Walter Boeykens, Gavriel Lipkind, Juan-Miguel Hernandez, Dezmond Neysmith, Yair Kless, Leonid Kerbel, Jan Vanderwegen, Hagid Hassid-Kerbel, Iren Kogan, Artiom Shishkov, Aleksei Kiseliov. Концертмейстер группы альтов в камерном оркестре под управлением Максима Венгерова.\r\nВ 2009году принимала участие в CEI Youth Orchestra Summer Music Course в Италии, и CEI Youth Orchestra Autumn Concert Tour в Бухаресте под управлением итальянского дирижера Igor CORETTI-KURET.\r\nВ 2010 году ездила в Москву в сборный молодежный оркестр ЦМШ при Московской консерватории. Были гастроли в Праге,Италии, Германии.\r\nВ 2011году стала стипендиатом специального фонда Президента Республики Беларусь по поддержке талантливой молодежи.\r\nВ 2011 году принимала участие в молодежной музыкальной академии стран СНГ( артистический директор Юрий Башмет).\r\nВ июне 2018 года ездила в Прагу на международный проект LIBERTEUM Orchestra Waldorfschoul Letzebuerg в качестве педагога по классу альта и концертмейстером группы альтов.\r\nВ данный момент является концертмейстером группы альтов в Заслуженном камерном оркестре Республики Беларусь.'),(50,31,2,'Elena Serdyukova','She started her studies at the Belarusian State Academy of Music in 2011. She graduated in 2016 with the award of the title of soloist.\r\nIn 2011 she took part in the Glebov Republican contest. She won the 2nd prize.\r\nIn 2010 she took part in the international festival Musica Mundi Belgium. Workshops were held at Ilmar Gavilan, Melissa White, Ivry Gitlis, Maxim Vengerov, Viadimir Perlin, Walter Boeykens, Gavriel Lipkind, Juan-Miguel Hernandez, Dezmond Neysmith, Yair Kless, Leonid Kerbel, Jan Vanderwegen, Hagid Hassid-Kerbel, Iren Kogan, Artiom Shi Concertmaster of the viola group in the chamber orchestra under the direction of Maxim Vengerov.\r\nIn 2009 she participated in the CEI Youth Orchestra Summer Music Course in Italy, and the CEI Youth Orchestra Autumn Concert Tour in Bucharest under the direction of Italian conductor Igor CORETTI-KURET.\r\nIn 2010 she went to Moscow to the national youth orchestra of the MOSCOW Conservatory. There were tours in Prague, Italy, Germany.\r\nIn 2011 she became a fellow of the Special Fund of the President of the Republic of Belarus to support talented young people.\r\nIn 2011 she took part in the Youth Music Academy of CIS countries (artistic director Yuri Bashmet).\r\nIn June 2018, she went to Prague for the international project LIBERTEUM Orchestra Waldorfschoul Letzebuerg as an viola teacher and concertmaster of the viola group.\r\nAt the moment he is a concertmaster of the viola group in the Distinguished Chamber Orchestra of the Republic of Belarus.'),(51,31,3,'Елена Сердюкова','Начала обучение в Белорусской государственной академии музыки в 2011 году. Закончила в 2016 году с присуждением звания солиста.\r\nВ 2011 году принимала участие в Республиканском конкурсе имени Глебова. Завоевала 2-ю премию.\r\nВ 2010 году принимала участие в международном фестивале Musica Mundi Бельгия. Проходила мастер-классы у Ilmar Gavilan,Melissa White, Ivry Gitlis, Maxim Vengerov, Viadimir Perlin, Walter Boeykens, Gavriel Lipkind, Juan-Miguel Hernandez, Dezmond Neysmith, Yair Kless, Leonid Kerbel, Jan Vanderwegen, Hagid Hassid-Kerbel, Iren Kogan, Artiom Shishkov, Aleksei Kiseliov. Концертмейстер группы альтов в камерном оркестре под управлением Максима Венгерова.\r\nВ 2009году принимала участие в CEI Youth Orchestra Summer Music Course в Италии, и CEI Youth Orchestra Autumn Concert Tour в Бухаресте под управлением итальянского дирижера Igor CORETTI-KURET.\r\nВ 2010 году ездила в Москву в сборный молодежный оркестр ЦМШ при Московской консерватории. Были гастроли в Праге,Италии, Германии.\r\nВ 2011году стала стипендиатом специального фонда Президента Республики Беларусь по поддержке талантливой молодежи.\r\nВ 2011 году принимала участие в молодежной музыкальной академии стран СНГ( артистический директор Юрий Башмет).\r\nВ июне 2018 года ездила в Прагу на международный проект LIBERTEUM Orchestra Waldorfschoul Letzebuerg в качестве педагога по классу альта и концертмейстером группы альтов.\r\nВ данный момент является концертмейстером группы альтов в Заслуженном камерном оркестре Республики Беларусь.'),(52,31,4,'Jelena Alexandrowna Serdjukowa','2011 begann sie ihr Studium an der Belarussischen Staatlichen Musikakademie. 2016 schloss sie ihr Studium mit dem Titel der Solistin ab.\r\n2011 nahm sie am republikanischen Glebow-Wettbewerb teil. Sie gewann den 2. Preis.\r\n2010 nahm sie am internationalen Festival Musica Mundi Belgium teil. Workshops fanden in Ilmar Gavilan, Melissa White, Ivry Gitlis, Maxim Vengerov, Viadimir Perlin, Walter Boeykens, Gavriel Lipkind, Juan-Miguel Hernandez, Dezmond Neysmith, Yair Kless, Leonid Kerbel, Jan Vanderwegen, Hagid Hassid-Kerbel, Iren Kogan, Artiom Shi statt. Konzertmeister der Bratschengruppe im Kammerorchester unter der Leitung von Maxim Vengerov.\r\n2009 nahm sie am CEI Youth Orchestra Summer Music Course in Italien und der CEI Youth Orchestra Autumn Concert Tour in Bukarest unter der Leitung des italienischen Dirigenten Igor CORETTI-KURET teil.\r\n2010 ging sie nach Moskau zum nationalen Jugendorchester des MOSKAUer Konservatoriums. Es gab Touren in Prag, Italien, Deutschland.\r\n2011 wurde sie Fellow des Sonderfonds des Präsidenten der Republik Belarus zur Unterstützung talentierter junger Menschen.\r\n2011 nahm sie an der Jugendmusikakademie der GUS-Länder (künstlerischer Leiter Yuri Bashmet) teil.\r\nIm Juni 2018 ging sie für das internationale Projekt LIBERTEUM Orchestra Waldorfschoul Letzebuerg als Bratschenlehrerin und Konzertmeisterin der Bratschengruppe nach Prag.\r\nZur zeitgemäßist er Konzertmeister der Bratschengruppe im Distinguished Chamber Orchestra der Republik Belarus.'),(53,32,1,'Игорь Цховребов','В 1994 году поступил в Белорусскую  академию музыки(класс доцента Рылатко В.П.) Во время обучения в 1997 и 1998 годах принимал участие в камерных ансамблях и симфоническом оркестре на международном молодёжном фестивале «Das Treffen» имени Вагнера в  г.Байройт(Германия). Во время обучения в академии музыки изучал дирижирование, по окончании обучения была присвоена квалификация «Дирижёр духового оркестра». В 1999 году лареуат Республиканского конкурса камерных ансамблей им. Щербакова. C 1999-2000 год работал в Государственном академическом симфоническом оркестре Белорусской государственной филармонии. С 2000 года работает ведущим мастером сцены в Заслуженном коллективе Государственном камерном оркестре Республики Беларусь. С 2004 года работает по совместительству библиотекарем камерного оркестра. С 2005 года ведёт активную концертную деятельность в составе струнного квартета,  участвует проектах «Музыкальной гостинной» Татьяны Старченко. С 2011 по 2018 исполнял обязанности концертмейстера группы альтов.'),(54,32,2,'Igor Tskhovrebov','In 1994 he entered the Belarusian Academy of Music (Associate Professor Rylatko V.P.) during his studies in 1997 and 1998 he participated in chamber ensembles and symphonic orchestra at the international youth festival \"Das Treffen\" named after Wagner in Bayreuth (Germany). While studying at the Academy of Music, he studied conducting, after graduation she was qualified as \"Conductor of the Brass Orchestra\". In 1999, the lareuat of the Republican Chamber Ensembles Competition by Scherbakov. From 1999-2000 he worked in the State Academic Symphony Orchestra of the Belarusian State Philharmonic. Since 2000 he has been working as a leading stage master in the Distinguished Collective of the State Chamber Orchestra of the Republic of Belarus. Since 2004 he has been working part-time as a librarian of the chamber orchestra. Since 2005, he has been active in concert activities as part of the string quartet, participates in the projects of \"Musical Guest House\" Tatiana Starchenko. From 2011 to 2018 he served as a concertmaster of the group of violas.'),(55,32,3,'Игорь Цховребов','В 1994 году поступил в Белорусскую  академию музыки(класс доцента Рылатко В.П.) Во время обучения в 1997 и 1998 годах принимал участие в камерных ансамблях и симфоническом оркестре на международном молодёжном фестивале «Das Treffen» имени Вагнера в  г.Байройт(Германия). Во время обучения в академии музыки изучал дирижирование, по окончании обучения была присвоена квалификация «Дирижёр духового оркестра». В 1999 году лареуат Республиканского конкурса камерных ансамблей им. Щербакова. C 1999-2000 год работал в Государственном академическом симфоническом оркестре Белорусской государственной филармонии. С 2000 года работает ведущим мастером сцены в Заслуженном коллективе Государственном камерном оркестре Республики Беларусь. С 2004 года работает по совместительству библиотекарем камерного оркестра. С 2005 года ведёт активную концертную деятельность в составе струнного квартета,  участвует проектах «Музыкальной гостинной» Татьяны Старченко. С 2011 по 2018 исполнял обязанности концертмейстера группы альтов.'),(56,32,4,'Igor Tskhovrebov','1994 trat er an die Belarussische Musikakademie (Associate Professor Rylatko V.P.) ein, während seines Studiums 1997 und 1998 wirkte er in Kammerensembles und Symphonischen Orchestern am internationalen Jugendfestival \"Das Treffen\" nach Wagner in Bayreuth (Deutschland) mit. Während seines Studiums an der Musikhochschule studierte er Dirigieren, nach dem Abschluss wurde sie als \"Dirigentin des Blasorchesters\" ausgezeichnet. 1999 das Lareuat des Republikanischen Kammerensembles-Wettbewerbs von Scherbakov. Von 1999 bis 2000 arbeitete er im Staatlichen Akademischen Symphonieorchester der Belarussischen Staatsphilharmonie. Seit 2000 ist er als führender Bühnenmeister im Distinguished Collective des Staatskammerorchesters der Republik Belarus tätig. Seit 2004 arbeitet er in Teilzeit als Bibliothekar des Kammerorchesters. Seit 2005 ist er als Teil des Streichquartetts in konzertanten Aktivitäten aktiv, beteiligt sich an den Projekten des \"Musical Guest House\" Tatiana Starchenko. Von 2011 bis 2018 war er Konzertmeister der Bratschengruppe.'),(57,33,1,'Алексей Гурин','Учился в музыкальном лицее при БГАМе (класс препод. Панченко И.М.) и Московской консерватории им. П.И.Чайковского (препод.\r\nР.Балашов) в 1998-2003 годах.\r\nМногократно выступал как ансамблист на сцене Малого зала Белорусской филармонии и камерного зала. Среди исполненных произведений секстеты Глинки, Дворжака, квинтет Шуберта. В 2003-04 гг. работал на Белтелерадио в симфоническом оркестре, а с 2004 по настоящее время Алексей работет в коллективе Государственного камерного оркестра РБ.'),(58,33,2,'Alexey Gurin','He studied at the music lyceum at BGAM (class of The Panchenko I.M.) and the Moscow Conservatory by P.I. Tchaikovsky (teacher.\r\nR. Balashov) in 1998-2003.\r\nRepeatedly he performed as an ensemble player on the stage of the Small Hall of the Belarusian Philharmonic and Chamber Hall. Among the performed works of sexteta Glinka, Dvorak, schubert quintet. In 2003-04 he worked for Belterradio in the Symphony Orchestra, and from 2004 to the present Alexey worked in the collective of the State Chamber Orchestra rb.'),(59,33,3,'Алексей Гурин','Учился в музыкальном лицее при БГАМе (класс препод. Панченко И.М.) и Московской консерватории им. П.И.Чайковского (препод.\r\nР.Балашов) в 1998-2003 годах.\r\nМногократно выступал как ансамблист на сцене Малого зала Белорусской филармонии и камерного зала. Среди исполненных произведений секстеты Глинки, Дворжака, квинтет Шуберта. В 2003-04 гг. работал на Белтелерадио в симфоническом оркестре, а с 2004 по настоящее время Алексей работет в коллективе Государственного камерного оркестра РБ.'),(60,33,4,'Alexei Alexandrowitsch Gurin','Er studierte am Musiklyzeum am BGAM (Klasse von Panchenko I.M.) und am Moskauer Konservatorium bei P.I. Tschaikowsky (Lehrer.\r\nR. Balashov) in den Jahren 1998-2003.\r\nImmer wieder trat er als Ensemblespieler auf der Bühne des Kleinen Saals der Weißrussischen Philharmonie und Kammerhalle auf. Unter den gespielten Werken von Sexteta Glinka, Dvorak, Schubert Quintett. Von 2003 bis 2004 arbeitete er für Belterradio im Sinfonieorchester, von 2004 bis heute arbeitete Alexey im Kollektiv des Landeskammerorchesters rb.'),(61,34,1,'Александр Сердюков','Александр Сердюков родился в Минске, в семье музыкантов в 1994 году. Знакомство с музыкой произошло в 3 года под руководством бабушки. В 7 лет начал обучение на виолончели в республиканском музыкальном колледже под руководством Степановой Ирины Михайловны. В 2006 году стал лауреатом конкурса \"Музыка надежды\",  в 2007 получил стипендию президента по поддержке талантливой молодежи. В 2011 году принимал участие в фестивале \"Musica Mundi\" (Бельгия), академии Кшиштофа Пендерецкого (Германия). Во время обучения в колледже выступал с симфоническим оркестром Белгосфилармонии , участвовал в мастер-классах. В 2013 году продолжил обучение, поступив в Московскую государственную консерваторию, где 3 года отучился в классе у Миллера Дмитрия Георгиевича, став его последним учеником. После 2 года провел в классе у Кирилла Владимировича Родина, под руководством которого и окончил её с отличием. В годы обучения в консерватории получил гранд компании Hyundai, принимал участие в конкурсах. Несколько лет работал в МГАСО под управлением Павла Когана, а также был постоянным приглашенным артистом в камерном оркестре Московской филармонии.  Выступал в различный залах Москвы как сольно, так и в составе камерных ансамблей, квартета. В настоящее время работает концертмейстером группы виолончелей в  государственном камерном оркестре республики Беларусь.'),(62,34,2,'Alexander Serdyukov','Alexander Serdyukov was born in Minsk, the son of musicians in 1994. Familiarity with music took place at the time of 3 years under the guidance of his grandmother. At the age of 7 he began studying cello at the Republican Music College under the direction of Stepanova Irina Mikhailovna. In 2006 he was the winner of the &quot;Music of Hope&quot; competition, in 2007 he received a scholarship of the President to support talented young people. In 2011 he took part in the festival &quot;Musica Mundi&quot; (Belgium), Academy Krzysztof Penderecki (Germany). During his college studies he performed with the Belgosfilarmonie Symphony Orchestra and participated in master classes. In 2013 he continued his studies, enrolling in the Moscow State Conservatory, where he studied in a class with Miller Dmitry Georgievich for 3 years, becoming his last student. After 2 years he spent in the class with Kirill Vladimirovich Rodin, under whose direction he graduated with honors. During his studies at the conservatory he received a grand company Hyundai, took part in competitions. For several years he worked at IGASO under the direction of Pavel Kogan, and was a regular guest artist in the chamber orchestra of the Moscow Philharmonic.  He performed in various halls of Moscow as solo, and as part of chamber ensembles, quartet. He currently works as a concertmaster of the cello group in the State Chamber Orchestra of the Republic of Belarus.'),(63,34,4,'Alexander Alexandrowitsch Serdjukow','Alexander Serdjukow wurde 1994 in Minsk als Sohn von Musikern geboren. Die Vertrautheit mit der Musik fand in der Zeit von 3 Jahren unter der Leitung seiner Großmutter statt. Im Alter von 7 Jahren begann er ein Cellostudium am Republican Music College unter der Leitung von Stepanowa Irina Mikhailovna. 2006 gewann er den Wettbewerb &quot;Music of Hope&quot;, 2007 erhielt er ein Stipendium des Präsidenten zur Unterstützung talentierter junger Menschen. 2011 nahm er am Festival &quot;Musica Mundi&quot; (Belgien), Akademie Krzysztof Penderecki (Deutschland) teil. Während seines Studiums trat er mit dem Belgosfilarmonie Symphony Orchestra auf und nahm an Meisterkursen teil. Im Jahr 2013 setzte er sein Studium fort und schrieb sich am Staatlichen Konservatorium Moskau ein, wo er drei Jahre lang in einer Klasse bei Miller Dmitry Georgievich studierte und sein letzter Schüler wurde. Nach 2 Jahren verbrachte er in der Klasse bei Kirill Vladimirovich Rodin, unter dessen Leitung er mit Auszeichnung abschloss. Während seines Studiums am Konservatorium erhielt er eine große Firma Hyundai, nahm an Wettbewerben. Mehrere Jahre arbeitete er bei der IGASO unter der Leitung von Pavel Kogan und war regelmäßiger Gastkünstler im Kammerorchester der Moskauer Philharmoniker.  Er trat in verschiedenen Sälen Moskaus als Solo und als Teil von Kammerensembles, Quartett. Derzeit arbeitet er als Konzertmeister der Cellogruppe im Staatskammerorchester der Republik Belarus.'),(64,34,3,'Александр Сердюков','Александр Сердюков родился в Минске, в семье музыкантов в 1994 году. Знакомство с музыкой произошло в 3 года под руководством бабушки. В 7 лет начал обучение на виолончели в республиканском музыкальном колледже под руководством Степановой Ирины Михайловны. В 2006 году стал лауреатом конкурса &quot;Музыка надежды&quot;,  в 2007 получил стипендию президента по поддержке талантливой молодежи. В 2011 году принимал участие в фестивале &quot;Musica Mundi&quot; (Бельгия), академии Кшиштофа Пендерецкого (Германия). Во время обучения в колледже выступал с симфоническим оркестром Белгосфилармонии , участвовал в мастер-классах. В 2013 году продолжил обучение, поступив в Московскую государственную консерваторию, где 3 года отучился в классе у Миллера Дмитрия Георгиевича, став его последним учеником. После 2 года провел в классе у Кирилла Владимировича Родина, под руководством которого и окончил её с отличием. В годы обучения в консерватории получил гранд компании Hyundai, принимал участие в конкурсах. Несколько лет работал в МГАСО под управлением Павла Когана, а также был постоянным приглашенным артистом в камерном оркестре Московской филармонии.  Выступал в различный залах Москвы как сольно, так и в составе камерных ансамблей, квартета. В настоящее время работает концертмейстером группы виолончелей в  государственном камерном оркестре республики Беларусь.'),(69,36,1,'Михаил Николайчик','Первое музыкальное образование получил в ДМШ №2 г. Бреста по классу виолончели, педагог – В.В. Яроцевич. С 2011 - 2013 обучался игре на виолончели в БГМК им Г. Ширмы, педагог - Т.Н. Голуб. С 2013 – 2016 годы проходил обучение в Республиканской музыкальной гимназии-колледже при БГАМ в классе заслуженного артиста Республики Беларусь, профессора Н.А.Кривошеева, которую закончил с отличием. \r\nВо время обучения в колледже неоднократно выступал на большой и малой сцене Белгосфилармонии. С 2016 года является лауреатом I премии IV Республиканского конкурса имени Е.А.Глебова (Могилев, Беларусь). Неоднократно выступал в составе сборного молодежного оркестра ЦМШ при Московской консерватории. (2013, 2014, 2016 годы). \r\nВ настоящее время является студентом Белорусской государственной академии музыки, где активно продолжает творческую и концертную деятельность. С 2017 – 2020 годы работал артистом Государственного академического симфонического оркестра Республики Беларусь. Со второй половины 2020 года работает в Государственном камерном оркестре Республики Беларусь.'),(70,36,2,'Mikhail Nikolaichik','He received his first musical education at DMS No.2 in Brest in cello class, and teacher V.V. Yarotsevich. From 2011 - 2013 he studied cello at THE BMMC by G. Shirma, teacher - T.N. Golub. From 2013 to 2016 he studied at the Republican Music Gymnasium-College at BGAM in the class of the honored artist of the Republic of Belarus, Professor N.A. Krivosheev, whom he graduated with honors. \r\nDuring his college studies he repeatedly performed on the big and small stage of the Belgosfilarmonie. Since 2016, he has been the winner of the I Prize IV of the E.A. Glebov National Contest (Mogilev, Belarus). Repeatedly he performed as a member of the national youth orchestra of the CMC at the Moscow Conservatory. (2013, 2014, 2016). \r\nHe is currently a student of the Belarusian State Academy of Music, where he actively continues his creative and concert activities. From 2017 to 2020 he worked as an artist of the State Academic Symphony Orchestra of the Republic of Belarus. Since the second half of 2020 he has been working in the State Chamber Orchestra of the Republic of Belarus.'),(71,36,3,'Михаил Николайчик','Первое музыкальное образование получил в ДМШ №2 г. Бреста по классу виолончели, педагог – В.В. Яроцевич. С 2011 - 2013 обучался игре на виолончели в БГМК им Г. Ширмы, педагог - Т.Н. Голуб. С 2013 – 2016 годы проходил обучение в Республиканской музыкальной гимназии-колледже при БГАМ в классе заслуженного артиста Республики Беларусь, профессора Н.А.Кривошеева, которую закончил с отличием. \r\nВо время обучения в колледже неоднократно выступал на большой и малой сцене Белгосфилармонии. С 2016 года является лауреатом I премии IV Республиканского конкурса имени Е.А.Глебова (Могилев, Беларусь). Неоднократно выступал в составе сборного молодежного оркестра ЦМШ при Московской консерватории. (2013, 2014, 2016 годы). \r\nВ настоящее время является студентом Белорусской государственной академии музыки, где активно продолжает творческую и концертную деятельность. С 2017 – 2020 годы работал артистом Государственного академического симфонического оркестра Республики Беларусь. Со второй половины 2020 года работает в Государственном камерном оркестре Республики Беларусь.'),(72,36,4,'Michail Nikolaitschik','Er erhielt seine erste musikalische Ausbildung an der DMS Nr.2 in Brest in Der Celloklasse und Lehrer V.V. Jarosewitsch. Von 2011 bis 2013 studierte er Cello an der BMMC bei G. Shirma, Lehrer - T.N. Golub. Von 2013 bis 2016 studierte er am Republican Music Gymnasium-College am BGAM in der Klasse des geehrten Künstlers der Republik Belarus, Professor N.A. Krivosheev, den er mit Auszeichnung abschloss. \r\nWährend seines College-Studiums trat er immer wieder auf der großen und kleinen Bühne der Belgosfilarmonie auf. Seit 2016 ist er Gewinner des I.-Preises IV des E.A. Glebov National Contest (Mogilev, Weißrussland). Wiederholt trat er als Mitglied des nationalen Jugendorchesters des CMC am Moskauer Konservatorium auf. (2013, 2014, 2016). \r\nDerzeit ist er Student der Belarussischen Staatlichen Musikakademie, wo er seine kreativen und konzertanten Aktivitäten aktiv fortsetzt. Von 2017 bis 2020 arbeitete er als Künstler des Staatlichen Akademischen Symphonieorchesters der Republik Belarus. Seit der zweiten Hälfte des Jahres 2020 arbeitet er im Staatskammerorchester der Republik Belarus.'),(73,37,1,'Марина Ромейко','Марина Ромейко родилась в Минске. После окончания  Республиканской гимназии-колледжа при Белорусской государственной академии музыки (класс Е.С.Соболевой и Е.Г.Пукста) поступила в Венский университет музыки и исполнительского искусства в класс проф.Н.Флореса; продолжила обучение в аспирантуре у проф. Ш.Владара и окончила университет со степенью \"Magistra artis\". Участвовала в Международных школах исполнительского мастерства и мастер-классах известных музыкантов, таких как Лейф Ове Андснес, Олег Майзенберг, Стивен Иссерлис, Альтенберг Трио, Юлиан Рахлин, Юрий Башмет и др.\r\nМарина Ромейко является лауреатом и дипломантом международных конкурсов и фестивалей. Ведет активную концертную деятельность в Беларуси и за рубежом. Владеет большим сольным и камерно-инструментальным репертуаром, выступает с различными камерными и симфоническими оркестрами. В своей исполнительской практике не ограничивается одним инструментом – она хорошо владеет органом, клавесином, немного –  клавикордом и хаммерклавиром.\r\n\r\nВ настоящее время Марина Ромейко является артисткой заслуженного коллектива Республики Беларусь Государственного камерного оркестра Республики Беларусь, а также преподавателем Республиканской гимназии-колледжа при Белорусской государственной академии музыки.'),(74,37,2,'Marina Romeiko','Marina Romeiko was born in Minsk. After graduating from the Republican Gymnasium-College at the Belarusian State Academy of Music (class E.S. Soboleva and E.G.Puksta) entered the Vienna University of Music and Performing Arts in the class of Prof. N.Flores; she continued her postgraduate studies with Prof. S. Vladara and graduated with a degree in Magistra Artis. She participated in international schools of performing arts and master classes of famous musicians such as Leif Ove Andsnes, Oleg Maizenberg, Stephen Isserlis, Altenberg Trio, Julian Rakhlin, Yuri Bashmet, etc.\r\nMarina Romeiko is a laureate and graduate of international competitions and festivals. He is active in Belarus and abroad. He owns a large solo and chamber-instrumental repertoire, performs with various chamber and symphony orchestras. In her performing practice is not limited to one instrument - she is well-versed in organ, harpsichord, a little - clavicord and Hammerclavier.\r\n\r\nCurrently, Marina Romeiko is an artist of the honored collective of the Republic of Belarus of the State Chamber Orchestra of the Republic of Belarus, as well as a teacher of the Republican Gymnasium-College at the Belarusian State Academy of Music.'),(75,37,3,'Марина Ромейко','Марина Ромейко родилась в Минске. После окончания  Республиканской гимназии-колледжа при Белорусской государственной академии музыки (класс Е.С.Соболевой и Е.Г.Пукста) поступила в Венский университет музыки и исполнительского искусства в класс проф.Н.Флореса; продолжила обучение в аспирантуре у проф. Ш.Владара и окончила университет со степенью \"Magistra artis\". Участвовала в Международных школах исполнительского мастерства и мастер-классах известных музыкантов, таких как Лейф Ове Андснес, Олег Майзенберг, Стивен Иссерлис, Альтенберг Трио, Юлиан Рахлин, Юрий Башмет и др.\r\nМарина Ромейко является лауреатом и дипломантом международных конкурсов и фестивалей. Ведет активную концертную деятельность в Беларуси и за рубежом. Владеет большим сольным и камерно-инструментальным репертуаром, выступает с различными камерными и симфоническими оркестрами. В своей исполнительской практике не ограничивается одним инструментом – она хорошо владеет органом, клавесином, немного –  клавикордом и хаммерклавиром.\r\n\r\nВ настоящее время Марина Ромейко является артисткой заслуженного коллектива Республики Беларусь Государственного камерного оркестра Республики Беларусь, а также преподавателем Республиканской гимназии-колледжа при Белорусской государственной академии музыки.'),(76,37,4,'Marina Romeiko','Marina Romeiko wurde in Minsk geboren. Nach dem Abschluss des Republikanischen Gymnasiums an der Belarussischen Staatlichen Musikakademie (Klasse E.S. Soboleva und E.G.Puksta) trat er in die Wiener Universität für Musik und darstellende Kunst in der Klasse von Prof. N.Flores ein; Sie setzte ihr Postgraduiertenstudium bei Prof. S. Vladara fort und schloss ihr Studium in Magistra Artis ab. Sie nahm an internationalen Schulen für darstellende Kunst und Meisterkursen berühmter Musiker wie Leif Ove Andsnes, Oleg Maizenberg, Stephen Isserlis, Altenberg Trio, Julian Rakhlin, Yuri Bashmet, etc. teil.\r\nMarina Romeiko ist Preisträgerin und Absolventin internationaler Wettbewerbe und Festivals. Er ist in Weißrussland und im Ausland tätig. Er besitzt ein großes Solo- und Kammerinstrumentalrepertoire, tritt mit verschiedenen Kammer- und Sinfonieorchestern auf. In ihrer Aufführungspraxis ist nicht auf ein Instrument beschränkt - sie ist gut versiert in Orgel, Cembalo, ein wenig - Clavicord und Hammerclavier.\r\n\r\nDerzeit ist Marina Romeiko Eine Künstlerin des geehrten Kollektivs der Republik Belarus des Staatskammerorchesters der Republik Belarus sowie Lehrerin des Republikanischen Gymnasiums an der Belarussischen Staatlichen Musikakademie.'),(77,38,2,'Kuzma Papakul','Papakul Kuzma Kirillovich started making music at the age of 3. In 2004 he entered the DMS No.6 in Minsk, violin class, teacher - J. K. Ushatskaya. Since 2005, he studied at the DMS Academic School of Music at the Moscow State University, and Tchaikovsky, the head of the string school, studied at the Moscow Academy of Music. DMS A. V. Vandysheva.\r\nFrom 2007 to 20011 he studied at the DMS by A. N. Alexandrov, Moscow, in the class of teacher V. A. Bereznitsky (head of string DMS).\r\nFrom 2011 to 2017 he studied at the Gymnasium-College of Arts in the class of teacher E. M. Kozlovsky. After graduation he received a diploma with honors.\r\nAt the moment he is a third-year student, a class of senior teacher R.D. Krivel. Nevertheless, Kuzma is already the winner of many international competitions: the Grand Prix in the competition by A. N. Alexandrov, Moscow (2007),\r\n2nd place in the Moscow Open competition of young performers on musical instruments \"Classics - forever!\" (2008), Winner of the II Prize of the International Art of the 21st Century Competition, Ukraine, Kiev-Vorsel (2009), Diplomat II of the International Competition of Bow Instruments, Poland, Elblong (2017), Winner of the Grade I XI International Violin Competition by M. M. Erdenko, Russia, Belgorod (2019). \r\n'),(78,38,1,'Кузьма Папакуль','Папакуль Кузьма Кириллович начал заниматься музыкой с 3 лет. В 2004 г. поступил в ДМШ №6 г. Минска, класс скрипки, преподаватель – Ю. К. Ушацкая. С 2005 г. обучался в ДМШ Академического музыкального училища при МГК им. П. И. Чайковского, преподаватель – зав. струнным отд. ДМШ А. В. Вандышева.\r\nС 2007 г. по 20011 г. учился в ДМШ им. А. Н. Александрова, ЗАО г. Москвы, в классе преподавателя В. А. Березницкого (зав. струнным отд. ДМШ).\r\nС 2011 г. по 2017 г. обучался в ГУО «Гимназии-колледже искусств им. И. О. Ахремчика» в классе преподавателя Е. М. Козловской. По окончании получил диплом с отличием.\r\nНа данный момент является студентом 4 курса, класс старшего преподавателя Р. Д. Кривель. Тем не менее Кузьма уже является лауреатом многих международных конкурсов: Гран-при в конкурсе им. А. Н. Александрова, г. Москва (2007 г.),\r\nII место в Московском Открытом конкурсе юных исполнителей на музыкальных инструментах «Классика – навсегда!» (2008 г.),Лауреат II премии Международного конкурса \"Искусство ХХI века\", Украина, Киев-Ворзель (2009 г.), Дипломант II степени Международного конкурса смычковых инструментов, Польша, г. Эльблонг (2017 г.), Лауреат I степени XI Международного конкурса скрипачей им. М. Г. Эрденко, Россия, г. Белгород (2019 г.). \r\n'),(79,38,3,'Кузьма Папакуль','Папакуль Кузьма Кириллович начал заниматься музыкой с 3 лет. В 2004 г. поступил в ДМШ №6 г. Минска, класс скрипки, преподаватель – Ю. К. Ушацкая. С 2005 г. обучался в ДМШ Академического музыкального училища при МГК им. П. И. Чайковского, преподаватель – зав. струнным отд. ДМШ А. В. Вандышева.\r\nС 2007 г. по 20011 г. учился в ДМШ им. А. Н. Александрова, ЗАО г. Москвы, в классе преподавателя В. А. Березницкого (зав. струнным отд. ДМШ).\r\nС 2011 г. по 2017 г. обучался в ГУО «Гимназии-колледже искусств им. И. О. Ахремчика» в классе преподавателя Е. М. Козловской. По окончании получил диплом с отличием.\r\nНа данный момент является студентом 3 курса, класс старшего преподавателя Р. Д. Кривель. Тем не менее Кузьма уже является лауреатом многих международных конкурсов: Гран-при в конкурсе им. А. Н. Александрова, г. Москва (2007 г.),\r\nII место в Московском Открытом конкурсе юных исполнителей на музыкальных инструментах «Классика – навсегда!» (2008 г.),Лауреат II премии Международного конкурса \"Искусство ХХI века\", Украина, Киев-Ворзель (2009 г.), Дипломант II степени Международного конкурса смычковых инструментов, Польша, г. Эльблонг (2017 г.), Лауреат I степени XI Международного конкурса скрипачей им. М. Г. Эрденко, Россия, г. Белгород (2019 г.). \r\n'),(80,38,4,'Kuzma Papakul','Papakul Kuzma Kirillovich begann im Alter von 3 Jahren mit dem Musizieren. 2004 trat er in minsk in die DMS Nr. 6 ein, Geigenklasse, Lehrer - J. K. Ushatskaya. Seit 2005 studierte er an der DMS Academic School of Music an der Staatlichen Universität Moskau und Tschaikowsky, der Leiter der Streicherschule, an der Moskauer Musikakademie. DMS A. V. Vandysheva.\r\nVon 2007 bis 2001 studierte er an der DMS bei A. N. Alexandrov, Moskau, in der Klasse des Lehrers V. A. Bereznitsky (Leiter der String DMS).\r\nVon 2011 bis 2017 studierte er am Gymnasium-College of Arts in der Klasse des Lehrers E. M. Kozlovsky. Nach dem Abschluss erhielt er ein Diplom mit Auszeichnung.\r\nIm Moment ist er ein Schüler im dritten Jahr, eine Klasse von Oberlehrer R.D. Krivel. Dennoch ist Kuzma bereits der Gewinner vieler internationaler Wettbewerbe: der Grand Prix im Wettbewerb von A. N. Alexandrov, Moskau (2007),\r\n2. Platz beim Moscow Open Wettbewerb der jungen Interpreten auf Musikinstrumenten \"Classics - forever!\" (2008), Gewinner des II. Preises der Internationalen Kunst des 21. Jahrhunderts, Ukraine, Kiew-Vorsel (2009), Diplomat II des Internationalen Wettbewerbs der Bogeninstrumente, Polen, Elblong (2017), Gewinner des Internationalen Violinwettbewerbs Grade I XI von M. M. Erdenko, Russland, Belgorod (2019). \r\n'),(89,41,1,'Никита Кравец','В 2017 году окончил РМК при БГАМ по классу виолончели у заслуженного артиста Республики Беларусь Владимира Перлина, а с сентября 2017 года продолжает обучение в его классе в БГАМ. \r\n\r\nЗа время обучения в колледже и Академии музыки Никита дважды удостоился звания обладателя поощрительной премии Специального фонда Президента Республики Беларусь по поддержке талантливой молодёжи, также занимал призовые места на международных конкурсах. Из последних ярких достижений - Гран-при на международном конкурсе в Киеве в составе камерного ансамбля (фортепианный дуэт), а также главный приз конкурса - “Дотик Янгола” (2019).\r\n\r\nЗа последние годы Никита успел посотрудничать со знаменитыми музыкальными коллективами страны, такими как ГАСО РБ (в качестве солиста в 2017 году), “Камерные солисты Минска”, “Метаморфоза” и др. С 2018 года является приглашенным участником в East-West Chamber Orchestra на международном фестивале Юрия Башмета в Минске, участвовал в фестивале XJazz Minsk 2019. Многократно выступал сольно и в составе ансамблей и оркестров в Белгосфилармонии и на других концертных площадках страны.\r\n\r\nС 2017 года является концертмейстером виолончельной группы в симфоническом оркестре БГАМ. В различное время принимал участие в мастер-классах таких выдающихся музыкантов, как Давид Герингас, Жером Перноо, Ерун ден Хердер, Максим Венгеров, Менахем Пресслер в рамках творческого общения в Беларуси, а также за её пределами (Бельгия, Германия, Нидерланды и др.'),(90,41,2,'Nikita Kravets','In 2017 he graduated from RMC at BGAM in the cello class with the honored artist of the Republic of Belarus Vladimir Perlin, and since September 2017 continues his studies in his class at BGAM. \r\n\r\nDuring his studies at the College and the Academy of Music, Nikita was twice awarded the title of the winner of the Special Fund of the President of the Republic of Belarus for the support of talented young people, and also took prizes at international competitions. Among the latest bright achievements - Grand Prix at the international competition in Kiev as part of the chamber ensemble (piano duo), as well as the main prize of the competition - &quot;Dotik Yangola&quot; (2019).\r\n\r\nIn recent years, Nikita has managed to collaborate with the country&rsquo;s famous musical groups, such as GASO RB (as a soloist in 2017), &quot;Camera soloists of Minsk,&quot; &quot;Metamorphosis&quot; and others since 2018 is a guest participant in the East-West Chamber at the international festival of Yuri Bashmet in Minsk, participated in the XJazz Minsk 2019 festival. He has performed solo and as part of ensembles and orchestras in The Belgosfilarmonie and other concert venues in the country.\r\n\r\nSince 2017, he has been a concertmaster of the cello group in the BGAM Symphony Orchestra. At various times he took part in master classes of such outstanding musicians as David Goeringas, Jerome Pernoo, Jeroen den Herder, Maxim Vengerov, Menachem Pressler as part of creative communication in Belarus, as well as abroad (Belgium, Germany, netherlands, etc.'),(91,41,3,'Никита Кравец','В 2017 году окончил РМК при БГАМ по классу виолончели у заслуженного артиста Республики Беларусь Владимира Перлина, а с сентября 2017 года продолжает обучение в его классе в БГАМ. \r\n\r\nЗа время обучения в колледже и Академии музыки Никита дважды удостоился звания обладателя поощрительной премии Специального фонда Президента Республики Беларусь по поддержке талантливой молодёжи, также занимал призовые места на международных конкурсах. Из последних ярких достижений - Гран-при на международном конкурсе в Киеве в составе камерного ансамбля (фортепианный дуэт), а также главный приз конкурса - “Дотик Янгола” (2019).\r\n\r\nЗа последние годы Никита успел посотрудничать со знаменитыми музыкальными коллективами страны, такими как ГАСО РБ (в качестве солиста в 2017 году), “Камерные солисты Минска”, “Метаморфоза” и др. С 2018 года является приглашенным участником в East-West Chamber Orchestra на международном фестивале Юрия Башмета в Минске, участвовал в фестивале XJazz Minsk 2019. Многократно выступал сольно и в составе ансамблей и оркестров в Белгосфилармонии и на других концертных площадках страны.\r\n\r\nС 2017 года является концертмейстером виолончельной группы в симфоническом оркестре БГАМ. В различное время принимал участие в мастер-классах таких выдающихся музыкантов, как Давид Герингас, Жером Перноо, Ерун ден Хердер, Максим Венгеров, Менахем Пресслер в рамках творческого общения в Беларуси, а также за её пределами (Бельгия, Германия, Нидерланды и др.'),(92,41,4,'Nikita Kravets','2017 absolvierte er das RMC an der BGAM in der Celloklasse bei dem geehrten Künstler der Republik Weißrussland Vladimir Perlin und setzt seit September 2017 sein Studium in seiner Klasse an der BGAM fort. \r\n\r\nWährend seines Studiums am College und der Musikakademie wurde Nikita zweimal mit dem Titel des Gewinners des Sonderfonds des Präsidenten der Republik Belarus für die Unterstützung talentierter junger Menschen ausgezeichnet und nahm auch Preise bei internationalen Wettbewerben entgegen. Zu den neuesten glanzschätzen Leistungen - Grand Prix beim internationalen Wettbewerb in Kiew als Teil des Kammerensembles (Klavierduo) sowie der Hauptpreis des Wettbewerbs - &quot;Dotik Yangola&quot; (2019).\r\n\r\nIn den letzten Jahren hat Nikita es geschafft, mit den berühmten Musikgruppen des Landes zusammenzuarbeiten, wie GASO RB (als Solist 2017), &quot;Kamerasolisten von Minsk&quot;, &quot;Metamorphosis&quot; und andere seit 2018 ist gastiert in der Ost-West-Kammer beim internationalen Festival von Juri Bashmet in Minsk, nahm am XJazz Minsk 2019 Festival teil. Er trat solo und als Teil von Ensembles und Orchestern in The Belgosfilarmonie und anderen Konzertsälen des Landes auf.\r\n\r\nSeit 2017 ist er Konzertmeister der Cellogruppe im BGAM Symphony Orchestra. Zu verschiedenen Zeiten nahm er an Meisterkursen von so herausragenden Musikern wie David Goeringas, Jerome Pernoo, Jeroen den Herder, Maxim Vengerov, Menachem Pressler im Rahmen der kreativen Kommunikation in Weißrussland, sowie im Ausland (Belgien, Deutschland, Niederlande, etc.) teil.');
/*!40000 ALTER TABLE `musicians_translate` ENABLE KEYS */;
UNLOCK TABLES;

--
-- Table structure for table `news`
--

DROP TABLE IF EXISTS `news`;
/*!40101 SET @saved_cs_client     = @@character_set_client */;
/*!40101 SET character_set_client = utf8 */;
CREATE TABLE `news` (
  `id` int(11) NOT NULL AUTO_INCREMENT,
  `title` varchar(100) DEFAULT NULL,
  `date` datetime DEFAULT NULL,
  `text` text DEFAULT NULL,
  PRIMARY KEY (`id`)
) ENGINE=InnoDB AUTO_INCREMENT=13 DEFAULT CHARSET=utf8;
/*!40101 SET character_set_client = @saved_cs_client */;

--
-- Dumping data for table `news`
--

LOCK TABLES `news` WRITE;
/*!40000 ALTER TABLE `news` DISABLE KEYS */;
INSERT INTO `news` (`id`, `title`, `date`, `text`) VALUES (7,'ICHMOURATOV: ORCHESTRAL WORKS RELEASED','2020-12-07 19:00:00','ГКО РБ выпускает новый CD на одном из самых солидных английских лейблов в мире классической музыки «Chandos Records».  \r\nЭто уникальное событие в жизни коллектива стало возможным благодаря тесному сотрудничеству композитора из Канады Айрата Ишмуратова с главным дирижером ЗКР ГКО РБ Евгением Бушковым. Мы счастливы разделить нашу радость со всеми нашими поклонниками и абонементодержателями!\r\nOFFICIAL RELEASE: <a href=\"https://lnk.to/airat\">https://lnk.to/airat</a>\r\nПервые отзывы международной критики:\r\n<a href=\"https://www.chandos.net/products/catalogue/CHAN%2020141\r\n\">https://www.chandos.net/products/catalogue/CHAN%2020141</a>'),(12,'НОВЫЙ РЕЛИЗ','2021-02-21 15:00:00','Уважаемые слушатели, мы представляем вам наш новый релиз на стриминговых площадках (spotify, yandex music, apple music, amazon music, itunes и других). Это наше исполнение квартета №11 Бетховена и знаменитой Итальянской симфонии Мендельсона:\r\n<a href=https://music.yandex.ru/album/13763440>https://music.yandex.ru/album/13763440</a>\r\n<a href=https://open.spotify.com/album/6mCeyidSmmDpttIBkZmXJH?si=YrCXkMJGT4OChaZ18M6WLA>https://open.spotify.com/album/6mCeyidSmmDpttIBkZmXJH?si=YrCXkMJGT4OChaZ18M6WLA</a>\r\n');
/*!40000 ALTER TABLE `news` ENABLE KEYS */;
UNLOCK TABLES;

--
-- Dumping events for database 'belscone_chamber'
--

--
-- Dumping routines for database 'belscone_chamber'
--
/*!40103 SET TIME_ZONE=@OLD_TIME_ZONE */;

/*!40101 SET SQL_MODE=@OLD_SQL_MODE */;
/*!40014 SET FOREIGN_KEY_CHECKS=@OLD_FOREIGN_KEY_CHECKS */;
/*!40014 SET UNIQUE_CHECKS=@OLD_UNIQUE_CHECKS */;
/*!40101 SET CHARACTER_SET_CLIENT=@OLD_CHARACTER_SET_CLIENT */;
/*!40101 SET CHARACTER_SET_RESULTS=@OLD_CHARACTER_SET_RESULTS */;
/*!40101 SET COLLATION_CONNECTION=@OLD_COLLATION_CONNECTION */;
/*!40111 SET SQL_NOTES=@OLD_SQL_NOTES */;

-- Dump completed on 2021-02-22 21:06:17
