-- MySQL dump 10.17  Distrib 10.3.24-MariaDB, for Linux (x86_64)
--
-- Host: localhost    Database: belscone_chamber
-- ------------------------------------------------------
-- Server version	10.3.24-MariaDB-cll-lve

/*!40101 SET @OLD_CHARACTER_SET_CLIENT=@@CHARACTER_SET_CLIENT */;
/*!40101 SET @OLD_CHARACTER_SET_RESULTS=@@CHARACTER_SET_RESULTS */;
/*!40101 SET @OLD_COLLATION_CONNECTION=@@COLLATION_CONNECTION */;
/*!40101 SET NAMES utf8mb4 */;
/*!40103 SET @OLD_TIME_ZONE=@@TIME_ZONE */;
/*!40103 SET TIME_ZONE='+00:00' */;
/*!40014 SET @OLD_UNIQUE_CHECKS=@@UNIQUE_CHECKS, UNIQUE_CHECKS=0 */;
/*!40014 SET @OLD_FOREIGN_KEY_CHECKS=@@FOREIGN_KEY_CHECKS, FOREIGN_KEY_CHECKS=0 */;
/*!40101 SET @OLD_SQL_MODE=@@SQL_MODE, SQL_MODE='NO_AUTO_VALUE_ON_ZERO' */;
/*!40111 SET @OLD_SQL_NOTES=@@SQL_NOTES, SQL_NOTES=0 */;

--
-- Table structure for table `artists`
--

DROP TABLE IF EXISTS `artists`;
/*!40101 SET @saved_cs_client     = @@character_set_client */;
/*!40101 SET character_set_client = utf8 */;
CREATE TABLE `artists` (
  `id` int(11) NOT NULL AUTO_INCREMENT,
  `groupId` int(11) DEFAULT NULL,
  PRIMARY KEY (`id`)
) ENGINE=InnoDB AUTO_INCREMENT=96 DEFAULT CHARSET=utf8mb4;
/*!40101 SET character_set_client = @saved_cs_client */;

--
-- Dumping data for table `artists`
--

LOCK TABLES `artists` WRITE;
/*!40000 ALTER TABLE `artists` DISABLE KEYS */;
INSERT INTO `artists` (`id`, `groupId`) VALUES (2,1),(3,4),(15,2),(16,1),(17,6),(18,4),(19,8),(20,6),(21,8),(22,1),(23,1),(24,5),(25,8),(26,0),(27,7),(28,4),(29,6),(30,8),(31,2),(32,10),(33,7),(34,6),(35,6),(36,2),(37,8),(38,9),(39,0),(40,2),(41,2),(42,2),(43,6),(44,7),(46,1),(47,7),(48,1),(49,0),(50,6),(51,0),(52,4),(53,2),(54,2),(55,6),(56,8),(57,2),(58,8),(60,4),(61,4),(62,2),(63,9),(64,8),(65,8),(66,6),(67,2),(68,6),(69,1),(70,2),(71,0),(72,1),(73,5),(74,2),(75,6),(76,2),(77,2),(78,6),(79,7),(80,6),(81,2),(82,1),(83,10),(84,8),(85,1),(86,6),(87,1),(88,7),(89,6),(90,1),(91,1),(92,3),(93,3),(94,4);
/*!40000 ALTER TABLE `artists` ENABLE KEYS */;
UNLOCK TABLES;

--
-- Table structure for table `artists_translate`
--

DROP TABLE IF EXISTS `artists_translate`;
/*!40101 SET @saved_cs_client     = @@character_set_client */;
/*!40101 SET character_set_client = utf8 */;
CREATE TABLE `artists_translate` (
  `id` int(11) NOT NULL AUTO_INCREMENT,
  `artistId` int(11) DEFAULT NULL,
  `languageId` int(11) DEFAULT NULL,
  `name` varchar(45) DEFAULT NULL,
  `country` varchar(45) DEFAULT NULL,
  `instrument` varchar(45) DEFAULT NULL,
  PRIMARY KEY (`id`)
) ENGINE=InnoDB AUTO_INCREMENT=368 DEFAULT CHARSET=utf8mb4;
/*!40101 SET character_set_client = @saved_cs_client */;

--
-- Dumping data for table `artists_translate`
--

LOCK TABLES `artists_translate` WRITE;
/*!40000 ALTER TABLE `artists_translate` DISABLE KEYS */;
INSERT INTO `artists_translate` (`id`, `artistId`, `languageId`, `name`, `country`, `instrument`) VALUES (5,2,1,'Миша Кац','Франция','дирижер'),(6,2,2,'Misha Katz','France','conductor'),(7,2,3,'Миша Кац','Франция','Проводника'),(8,2,4,'Misha Katz','Frankreich','Dirigent'),(9,3,1,'Жером Перно','Франция','Виолончель'),(10,3,2,'Jerome Pernoo ','France','cello'),(11,3,3,'Джером ','Франция','Виолончель'),(12,3,4,'Jerome Pernoo ','Frankreich','Cello'),(26,11,1,'Имя','Страна','Инструмент'),(27,11,2,'Имя','Страна','Инструмент'),(28,11,3,'Имя','Страна','Инструмент'),(29,11,4,'Имя','Страна','Инструмент'),(44,15,1,'Алехандро Драго ','Аргентина','Скрипка'),(45,15,2,'Alejandro Drago ','Argentina','violin'),(46,15,3,'Алехандро Драго ','Аргентина','Скрипка'),(47,15,4,'Alejandro Drago ','Argentinien','Violine'),(48,16,1,'Александр Анисимов ','Россия-Беларусь','кундуктор'),(49,16,2,'Alexander Anissimov ','Russia-Belarus','counductor'),(50,16,4,'Alexander Alexandrowitsch Anissimow ','Russland-Weißrussland','counductor'),(51,16,3,'Александр Анисимов ','Россия-Беларусь','кундуктор'),(52,17,1,'Александр Могилевский ','Бельгия - Россия','Фортепиано'),(53,17,2,'Alexander Mogilevsky ','Belgium - Russia','piano'),(54,17,3,'Александр Могилевский ','Бельгия - Россия','Фортепиано'),(55,17,4,'Alexander Alexandrowitsch Mogilevski ','Belgien - Russland','Klavier'),(56,18,1,'Александр Рудин','Россия','Виолончель'),(57,18,2,'Alexander Rudin','Russia','cello'),(58,18,3,'Александр Рудин','Россия','Виолончель'),(59,18,4,'Alexander Rudin','Russland','Cello'),(60,19,1,'Александра Денисения','Беларусь','цимбалы'),(61,19,2,'Alexandra Denisenia','Belarus','dulcimer'),(62,19,3,'Александра Денисения','Беларусь','dulcimer'),(63,19,4,'Alexandra Denisenia','Belarus','Hackbrett'),(64,20,1,'Алексей Любимов','Россия','Фортепиано'),(65,20,2,'Alexey Lubimov','Russia','piano'),(66,20,3,'Алексей Любимов','Россия','Фортепиано'),(67,20,4,'Alexei Alexandrowitsch Lubimow','Russland','Klavier'),(68,21,1,'Алексей Зимаков','Россия','Гитара'),(69,21,2,'Alexey Zimakov','Russia','guitar'),(70,21,3,'Алексей Зимаков','Россия','Гитара'),(71,21,4,'Alexei Nikolajewitsch Zimakow','Russland','Gitarre'),(72,22,1,'Амаяк Тургарян','Испания-Армения','дирижер'),(73,22,2,'Amayak Dourgaryan','Spain-Armenia','conductor'),(74,22,3,'Амаяк Тургарян','Испания-Армения','Проводника'),(75,22,4,'Amayak Dourgaryan','Spanien-Armenien','Dirigent'),(76,23,1,'Андрей Галанов','Беларусь','дирижер'),(77,23,2,'Andrey Galanov','Belarus','conductor'),(78,23,3,'Андрей Галанов','Беларусь','Проводника'),(79,23,4,'Andrei Alexandrowitsch Galanow','Belarus','Dirigent'),(80,24,1,'Андрей Шинкевич','Германия-Беларусь','контрабас'),(81,24,2,'Andrey Shinkevich','Germany-Belarus','double-bass'),(82,24,3,'Андрей Шинкевич','Германия-Беларусь','двойной бас'),(83,24,4,'Andrei Alexandrowitsch Shinkewitsch','Deutschland-Weißrussland','Kontrabass'),(84,25,1,'Андрей Сиваков','Беларусь','Бандонеон'),(85,25,2,'Andrey Sivakov','Belarus','bandoneon'),(86,25,3,'Андрей Сиваков','Беларусь','Бандонеон'),(87,25,4,'Andrei Alexandrowitsch Sivakow','Belarus','Bandoneon'),(88,26,1,'Ангелина Ткачева','Греция-Беларусь','dulcimer'),(89,26,3,'Ангенина Ткачева','Греция-Беларусь','dulcimer'),(90,26,2,'Angenina Tkacheva','Greece-Belarus','dulcimer'),(91,26,4,'Angenina Tkacheva','Griechenland-Weißrussland','Hackbrett'),(92,27,1,'Антон Жданович','Чехия-Беларусь','Маримба'),(93,27,2,'Anton Zdanovic','Czech Republic-Belarus','marimba'),(94,27,3,'Антон Зданович','Чехия-Беларусь','Маримба'),(95,27,4,'Anton Zdanovic','Tschechische Republik-Weißrussland','Marimba'),(96,28,1,'Кристиан Флореа','Ромен-Испания','Виолончель'),(97,28,2,'Cristian Florea','Romain-Spain','cello'),(98,28,3,'Кристиан Флореа','Ромен-Испания','Виолончель'),(99,28,4,'Cristian Florea','Romain-Spanien','Cello'),(100,29,1,'Даша Мороз','Беларусь','Фортепиано'),(101,29,2,'Dasha Moroz','Belarus','piano'),(102,29,3,'Даша Мороз','Беларусь','Фортепиано'),(103,29,4,'Dasha Moroz','Belarus','Klavier'),(104,30,1,'Дмитрий Илларионов','Россия','Гитара'),(105,30,2,'Dmitry Illarionov','Russia','guitar'),(106,30,3,'Дмитрий Илларионов','Россия','Гитара'),(107,30,4,'Dmitri Nikolajewitsch Illarionow','Russland','Gitarre'),(108,31,1,'Дмитрий Смирнов','Россия','Скрипка'),(109,31,2,'Dmitry Smirnov','Russia','violin'),(110,31,3,'Дмитрий Смирнов','Россия','Скрипка'),(111,31,4,'Dmitri Alexandrowitsch Smirnow','Russland','Violine'),(112,32,1,'Ефрем Подгайц','Россия','композитор-чтец'),(113,32,2,'Efrem Podgaits','Russia','composer-narrator'),(114,32,3,'Ефрем Подгайтс','Россия','композитор-рассказчик'),(115,32,4,'Efrem Podgaits','Russland','Komponist-Erzähler'),(116,33,1,'Екатерина Корнишина','Россия','Флейта'),(117,33,2,'Ekaterina Kornishina','Russia','flute'),(118,33,3,'Екатерина Корнишина','Россия','Флейта'),(119,33,4,'Jekaterina Kornishina','Russland','Flöte'),(120,34,1,'Елизавета Леонская','Австрия','Фортепиано'),(121,34,2,'Elisabeth Leonskaja','Austria','piano'),(122,34,3,'Елизавета Леонская','Австрия','Фортепиано'),(123,34,4,'Elisabeth Leonskaja','Österreich','Klavier'),(124,35,1,'Элисо Вирсаладзе','Грузия - Россия','Фортепиано'),(125,35,2,'Eliso Virsaladze','Georgia - Russia','piano'),(126,35,3,'Элисо Вирсаладзе','Грузия - Россия','Фортепиано'),(127,35,4,'Eliso Virsaladze','Georgien - Russland','Klavier'),(128,36,1,'Эстер Ю','Корея-США','Скрипка'),(129,36,2,'Esther Yoo','Korea-USA','violin'),(130,36,3,'Эстер ео','Корея-США','Скрипка'),(131,36,4,'Esther Yoo','Korea-USA','Violine'),(132,37,1,'Фридрих Липс','Россия','Аккордеон'),(133,37,2,'Friedrich Lips','Russia','Accordeon'),(134,37,3,'Фридрих Липс','Россия','Аккордеон'),(135,37,4,'Friedrich Lips','Russland','Akkordeon'),(136,38,1,'Эвелина Шедрина','Беларусь','народный голос'),(137,38,2,'Evelina Shchadryna','Belarus','folk voice'),(138,38,4,'Evelina Shchadryna','Belarus','Volksstimme'),(139,38,3,'Эвелина Шадрина','Беларусь','народный голос'),(140,39,1,'Херардо Эстрада','Венесуэла','дирижер'),(141,39,2,'Gerardo Estrada','Venezuela','conductor'),(142,39,3,'Херардо Эстрада','Венесуэла','Проводника'),(143,39,4,'Gerardo Estrada','Venezuela','Dirigent'),(144,40,1,'Галя Бисенгалиева','Англия-Казахстан','Скрипка'),(145,40,2,'Galya Bisengalieva','England-Kazakhstan','violin'),(146,40,3,'Галя Бисенгалиева','Англия-Казахстан','Скрипка'),(147,40,4,'Galya Bisengalieva','England-Kasachstan','Violine'),(148,41,1,'Граф Муржа','Россия','Скрипка'),(149,41,2,'Graf Mourja','Russia','violin'),(150,41,3,'Граф Мурья','Россия','Скрипка'),(151,41,4,'Graf Mourja','Russland','Violine'),(152,42,1,'Геза Хосшу-Легоцкий','Швейцария-США','Скрипка'),(153,42,2,'Geza Hosshu-Legocki','Switzerland-USA','violin'),(154,42,3,'Геза Хосшу-Легоцкий','Швейцария-США','Скрипка'),(155,42,4,'Geza Hosshu-Legocki','Schweiz-USA','Violine'),(156,43,1,'Галина Черня-Стефанская','Польша','Фортепиано'),(157,43,2,'Halina Cherny-Stefanska','Poland','piano'),(158,43,3,'Галина Черня-Стефанская','Польша','Фортепиано'),(159,43,4,'Halina Cherny-Stefanska','Polen','Klavier'),(160,44,1,'Ги Туврон','Франция','Труба'),(161,44,2,'Guy Touvron','France','trumpet'),(162,44,3,'Гай Туврон','Франция','Труба'),(163,44,4,'Guy Touvron','Frankreich','Trompete'),(168,46,1,'Игорь Бухвалов','Беларусь','дирижер'),(169,46,2,'Igor Bukhvalov','Belarus','conductor'),(170,46,3,'Игорь Бухвалов','Беларусь','Проводника'),(171,46,4,'Igor Alexandrowitsch Bukhvalow','Belarus','Dirigent'),(172,47,1,'Джоан Рафаэль Ким','Корея','Арфа'),(173,47,2,'Joan Rafael Kim','Korea','harp'),(174,47,3,'Джоан Рафаэль Ким','Корея','Арфа'),(175,47,4,'Joan Rafael Kim','Korea','Harfe'),(176,48,1,'Йорн Бойзен','Германия','дирижер'),(177,48,2,'Jorn Boysen','Germany','conductor'),(178,48,3,'Джорн Бойсен','Германия','Проводника'),(179,48,4,'Jorn Boysen','Deutschland','Dirigent'),(180,49,1,'Бушкова Юлия','США','Скрипка'),(181,49,2,'Julia Bushkova','USA','violin'),(182,49,3,'Бушкова, Джулия','США','Скрипка'),(183,49,4,'Julia Buschkowa','Usa','Violine'),(184,50,1,'Кирилл Кедук','Беларусь-Польша','Фортепиано'),(185,50,2,'Kiryl Keduk','Belarus-Poland','piano'),(186,50,3,'Кирилл Кенук','Беларусь-Польша','Фортепиано'),(187,50,4,'Kiryl Keduk','Weißrussland-Polen','Klavier'),(188,51,1,'Леон Гурвич','Германия - Беларусь','дирижер'),(189,51,2,'Leon Gurvich','Germany - Belarus','conductor'),(190,51,3,'Леон Гурвич','Германия - Беларусь','Проводника'),(191,51,4,'Leon Gurwitsch','Deutschland - Weißrussland','Dirigent'),(192,52,1,'Леонид Горохов','Англии','Виолончель'),(193,52,2,'Leonid Gorokhov','England','cello'),(194,52,3,'Леонид Горохов','Англии','Виолончель'),(195,52,4,'Leonid Gorokhov','England','Cello'),(196,53,1,'Лиана Исакадзе','Германия-Грузия','Скрипка'),(197,53,2,'Liana Isakadze','Germany-Georgia','violin'),(198,53,3,'Лиана Исакадзе','Германия-Грузия','Скрипка'),(199,53,4,'Liana Isakadze','Deutschland-Georgien','Violine'),(200,54,1,'Марк Бушков','Бельгия','Скрипка'),(201,54,2,'Marc Bouchkov','Belgium','violin'),(202,54,3,'Марк Бучков','Бельгия','Скрипка'),(203,54,4,'Marc Bouchkov','Belgien','Violine'),(204,55,1,'Люка Дебарг','Франция','Фортепиано'),(205,55,2,'Lucas Debargue','France','piano'),(206,55,3,'Лукас Дебарг','Франция','Фортепиано'),(207,55,4,'Lucas Debargue','Frankreich','Klavier'),(208,56,1,'Марио Стефано Пьетродарчи','Италия','Бандонеон'),(209,56,2,'Mario Stefano Pietrodarchi','Italy','bandoneon'),(210,56,3,'Марио Стефано Пьетродарчи','Италия','Бандонеон'),(211,56,4,'Mario Stefano Pietrodarchi','Italien','Bandoneon'),(212,57,1,'Мария Надольная','Беларусь','Скрипка'),(213,57,2,'Mariya Nadolnaya','Belarus','violin'),(214,57,3,'Мария Надольная','Беларусь','Скрипка'),(215,57,4,'Mariya Nadolnaya','Belarus','Violine'),(216,58,1,'Макс Поллак','Австро-США','Степ-танец'),(217,58,2,'Max Pollak','Austria-USA','step-dance'),(218,58,3,'Макс Поллак','Австро-США','шаг-танец'),(219,58,4,'Max Pollak','Österreich-USA','Step-Dance'),(224,60,1,'Микаэль Самсонов','Беларусь-Германия','Виолончель'),(225,60,2,'Mikael Samsonov','Belarus-Germany','cello'),(226,60,3,'Микаэль Самсонов','Беларусь-Германия','Виолончель'),(227,60,4,'Mikael Samsonov','Weißrussland-Deutschland','Cello'),(228,61,1,'Наталья Гутман','Россия','Виолончель'),(229,61,2,'Natalia Gutman','Russia','cello'),(230,61,3,'Наталья Гутман','Россия','Виолончель'),(231,61,4,'Natalia Gutman','Russland','Cello'),(232,62,1,'Николя Даутрикур','Франция','Скрипка'),(233,62,2,'Nicolas Dautricourt','France','violin'),(234,62,3,'Николя Даутрикур','Франция','Скрипка'),(235,62,4,'Nicolas Dautricourt','Frankreich','Violine'),(236,63,1,'Оксана Волкова','Беларусь','меццо-сопрано'),(237,63,2,'Oksana Volkova','Belarus','mezzo-soprano'),(238,63,3,'Оксана Волкова','Беларусь','меццо-сопрано'),(239,63,4,'Oksana Wolkowa','Belarus','Mezzosopran'),(240,64,1,'Олеся Ростовская','Россия','терменвокс'),(241,64,2,'Olesya Rostovskaya','Russia','termenvox'),(242,64,3,'Олеся Ростовская','Россия','термэнвокс'),(243,64,4,'Olesja Rostowskaja','Russland','termenvox'),(244,65,1,'Ольга Мартынова','Россия','Клавесин'),(245,65,2,'Olga Martynova','Russia','harpsichord'),(246,65,3,'Ольга Мартынова','Россия','Клавесин'),(247,65,4,'Olga Alexandrowna Martynowa','Russland','Cembalo'),(248,66,1,'Пауль Бадура-Шкода','Австрия','Фортепиано'),(249,66,2,'Paul Badura-Skoda','Austria','piano'),(250,66,3,'Пол Бадура-Шкода','Австрия','Фортепиано'),(251,66,4,'Paul Badura-Skoda','Österreich','Klavier'),(252,67,1,'Павел Верников','Швейцария','Скрипка'),(253,67,2,'Pavel Vernikov','Switzerland','violin'),(254,67,3,'Павел Верников','Швейцария','Скрипка'),(255,67,4,'Pawel Alexandrowitsch Wernikow','Schweiz','Violine'),(256,68,1,'Пламена Мангова','Болгария','Фортепиано'),(257,68,2,'Plamena Mangova','Bulgaria','piano'),(258,68,3,'Пламена Мангова','Болгария','Фортепиано'),(259,68,4,'Plamena Mangova','Bulgarien','Klavier'),(260,69,1,'Ральф Сохачевский','Германия','дирижер'),(261,69,2,'Ralf Sokhaczewski','Germany','conductor'),(262,69,3,'Ральф Сохачевский','Германия','Проводника'),(263,69,4,'Ralf Sokhaczewski','Deutschland','Dirigent'),(264,70,1,'Равиль Исламов','Россия','Скрипка'),(265,70,2,'Ravil Isliamov','Russia','violin'),(266,70,3,'Равиль Исямов','Россия','Скрипка'),(267,70,4,'Ravil Isliamov','Russland','Violine'),(268,71,1,'Роберт Эймс','Англия','Фортепиано'),(269,71,2,'Robert Ames','England','piano'),(270,71,3,'Роберт Эймс','Англии','Фортепиано'),(271,71,4,'Robert Ames','England','Klavier'),(272,72,1,'Рудольф Баршай','Ссср','дирижер'),(273,72,2,'Rudolf Barshai','USSR','conductor'),(274,72,3,'Рудольф Баршай','Ссср','Проводника'),(275,72,4,'Rudolf Barshai','Udssr','Dirigent'),(276,73,1,'Станислав Анищенко','Германия-Беларусь','контрабас'),(277,73,2,'Stanislaw Anischenko','Germany-Belarus','double-bass'),(278,73,3,'Станислав Анищенко','Германия-Беларусь','двойной бас'),(279,73,4,'Stanislaw Anischenko','Deutschland-Weißrussland','Kontrabass'),(280,74,1,'Степан Якович','Россия-Беларусь','Скрипка'),(281,74,2,'Stepan Yakovich','Russia-Belarus','violin'),(282,74,4,'Stepan Yakovich','Russland-Weißrussland','Violine'),(283,74,3,'Степан Якович','Россия-Беларусь','Скрипка'),(284,75,1,'Стивен Прутсман','США','Фортепиано'),(285,75,2,'Stephen Prutsman','USA','piano'),(286,75,3,'Стивен Прутсман','США','Фортепиано'),(287,75,4,'Stephen Prutsman','Usa','Klavier'),(288,76,1,'Светлана Макарова','Швейцария-Россия','Скрипка'),(289,76,2,'Svetlana Makarova','Switzerland-Russia','violin'),(290,76,3,'Светлана Макарова','Швейцария-Россия','Скрипка'),(291,76,4,'Swetlana Alexandrin','Schweiz-Russland','Violine'),(292,77,1,'Святослав Мороз','Россия','Скрипка'),(293,77,2,'Sviatoslav Moroz','Russia','violin'),(294,77,3,'Святослав Мороз','Россия','Скрипка'),(295,77,4,'Sviatoslav Moroz','Russland','Violine'),(296,78,1,'Святослав Рихтер','Ссср','Фортепиано'),(297,78,2,'Sviatoslav Richter','USSR','piano'),(298,78,4,'Sviatoslav Richter','Udssr','Klavier'),(299,78,3,'Святослав Рихтер','Ссср','Фортепиано'),(300,79,1,'Татьяна Карамазинова','Беларусь','Флейта'),(301,79,2,'Tatiana Kormazinova','Belarus','flute'),(302,79,3,'Татьяна Кормазинова','Беларусь','Флейта'),(303,79,4,'Tatjana Alexandrowitsch Kormazinowa','Belarus','Flöte'),(304,80,1,'Татьяна Зеликман','Россия','Фортепиано'),(305,80,2,'Tatiana Zelikman','Russia','piano'),(306,80,3,'Татьяна Зеликман','Россия','Фортепиано'),(307,80,4,'Tatiana Zelikman','Russland','Klavier'),(308,81,1,'Валентин Жук','Нидерланды','скрипка'),(309,81,2,'Valentin Zhuk','Netherlands','violian'),(310,81,4,'Valentin Zhuk','Niederlande','violian'),(311,81,3,'Валентин Чжук','Нидерланды','Виолян'),(312,82,1,'Валерий Полянский','Россия','дирижер'),(313,82,2,'Valery Polyansky','Russia','conductor'),(314,82,3,'Валерий Полянский','Россия','Проводника'),(315,82,4,'Waleri Polyanski','Russland','Dirigent'),(316,83,1,'Вениамин Смехов','Россия','Актер рассказчик'),(317,83,2,'Veniamin Smekhov','Russia','Actor narrator'),(318,83,3,'Вениамин Смехов','Россия','Актер рассказчик'),(319,83,4,'Veniamin Smechow','Russland','Schauspieler-Erzähler'),(320,84,1,'Вероника Прадед','Беларусь','цимбалы'),(321,84,2,'Veranika Pradzed','Belarus','dulcimer'),(322,84,3,'Вераника Прадзед','Беларусь','dulcimer'),(323,84,4,'Veranika Pradzed','Belarus','Hackbrett'),(324,85,1,'Вячеслав Волич','Беларусь','дирижер'),(325,85,2,'Viacheslav Volich','Belarus','concuctor'),(326,85,3,'Вячеслав Волич','Беларусь','конкуктор'),(327,85,4,'Viacheslav Volich','Belarus','Concuctor'),(328,86,2,'Victoria Mushkatkol','USA','piano'),(329,86,1,'Виктория Мушкатколь','США','Фортепиано'),(330,86,3,'Виктория Мушкаткол','США','Фортепиано'),(331,86,4,'Victoria Mushkatkol','Usa','Klavier'),(332,87,1,'Виталий Катаев','Россия','дирижер'),(333,87,2,'Vitaly Kataev','Russia','conductor'),(334,87,3,'Виталий Катаев','Россия','Проводника'),(335,87,4,'Witali Katajew','Russland','Dirigent'),(336,88,1,'Владимир Солтан','Беларусь','Кларнет'),(337,88,2,'Vladimir Soltan','Belarus','clarinet'),(338,88,3,'Владимир Солтан','Беларусь','Кларнет'),(339,88,4,'Vladimir Soltan','Belarus','Klarinette'),(340,89,1,'Владимир Тропп','Россия','Фортепиано'),(341,89,2,'Vladimir Tropp','Russia','piano'),(342,89,4,'Vladimir Tropp','Russland','Klavier'),(343,89,3,'Владимир Тропп','Россия','Фортепиано'),(344,90,1,'Яков Бергман','США','дирижер'),(345,90,3,'Яков Бергман','США','дирижер'),(346,90,2,'Jacob Bergman','United States','Conductor'),(347,90,4,'Jacob Bergman','USA','Dirigent'),(348,91,1,'Караваев','Беларусь','дирижер'),(349,91,2,'Yury Karavaev','Belarus','conductor'),(350,91,3,'Караваев','Беларусь','Проводника'),(351,91,4,'Juri Alexandrowitsch Karawajew','Belarus','Dirigent'),(352,92,1,'Эльвира Мисбахова','Канада - Россия','Альт'),(353,92,3,'Эльвира Мисбахова','Канада - Россия','Альт'),(354,92,2,'Elvira Misbakhova','Canada - Russia','viola'),(355,92,4,'Elvira Misbakhova','Kanada - Russland','Viola'),(356,93,1,'Александр Татаринов','Россия','Альт'),(357,93,2,'Alexander Tatarinov','Russia','viola'),(358,93,4,'Alexander Wasinow','Russland','Viola'),(359,93,3,'Александр Татаринов','Россия','Альт'),(360,94,1,'Мстислав Ростропович','Ссср','Виолончель'),(361,94,2,'Mstislav Rostropovich','USSR','cello'),(362,94,3,'Мстислав Ростропович','Ссср','Виолончель'),(363,94,4,'Mstislaw Rostropowitsch','Udssr','Cello');
/*!40000 ALTER TABLE `artists_translate` ENABLE KEYS */;
UNLOCK TABLES;

--
-- Table structure for table `composers`
--

DROP TABLE IF EXISTS `composers`;
/*!40101 SET @saved_cs_client     = @@character_set_client */;
/*!40101 SET character_set_client = utf8 */;
CREATE TABLE `composers` (
  `id` int(11) NOT NULL AUTO_INCREMENT,
  `isInResidence` tinyint(4) DEFAULT 0,
  PRIMARY KEY (`id`)
) ENGINE=InnoDB AUTO_INCREMENT=35 DEFAULT CHARSET=utf8mb4;
/*!40101 SET character_set_client = @saved_cs_client */;

--
-- Dumping data for table `composers`
--

LOCK TABLES `composers` WRITE;
/*!40000 ALTER TABLE `composers` DISABLE KEYS */;
INSERT INTO `composers` (`id`, `isInResidence`) VALUES (1,0),(2,1),(3,0),(7,0),(8,0),(9,0),(10,0),(11,0),(12,0),(13,0),(14,0),(15,0),(16,1),(17,0),(18,0),(19,0),(20,0),(21,0),(22,0),(23,0),(24,0),(25,0),(26,0),(27,0),(28,0),(29,0),(30,0),(31,0),(32,0),(33,1),(34,1);
/*!40000 ALTER TABLE `composers` ENABLE KEYS */;
UNLOCK TABLES;

--
-- Table structure for table `composers_translate`
--

DROP TABLE IF EXISTS `composers_translate`;
/*!40101 SET @saved_cs_client     = @@character_set_client */;
/*!40101 SET character_set_client = utf8 */;
CREATE TABLE `composers_translate` (
  `id` int(11) NOT NULL AUTO_INCREMENT,
  `composerId` int(11) DEFAULT NULL,
  `languageId` int(11) DEFAULT NULL,
  `name` varchar(45) DEFAULT NULL,
  `country` varchar(45) DEFAULT NULL,
  PRIMARY KEY (`id`)
) ENGINE=InnoDB AUTO_INCREMENT=137 DEFAULT CHARSET=utf8mb4;
/*!40101 SET character_set_client = @saved_cs_client */;

--
-- Dumping data for table `composers_translate`
--

LOCK TABLES `composers_translate` WRITE;
/*!40000 ALTER TABLE `composers_translate` DISABLE KEYS */;
INSERT INTO `composers_translate` (`id`, `composerId`, `languageId`, `name`, `country`) VALUES (1,1,1,'Айрат Ишмуратов','Канада'),(2,1,2,'Airat Ichmouratov','Canada'),(3,1,3,'Айрат Ичмуратов','Канада'),(4,1,4,'Airat Ichmouratov','Kanada'),(5,2,1,'Константин Яськов','Беларусь'),(6,2,2,'Konstantin Yaskov','Belarus'),(7,2,3,'Константин Ясков','Беларусь'),(8,2,4,'Konstantin Alexandrowitsch Jakow','Belarus'),(9,3,1,'Виктор Войтик ','Беларусь'),(10,3,2,'Viktor Voytik ','Belarus'),(11,3,3,'Виктор Войтик ','Беларусь'),(12,3,4,'Viktor Voytik ','Belarus'),(25,7,1,'Александро Драго','Аргентина'),(26,7,3,'Алехандро Драго','Аргентина'),(27,7,2,'Alejandro Drago','Argentina'),(28,7,4,'Alejandro Drago','Argentinien'),(29,8,1,'Александр Литвиновский','Беларусь'),(30,8,2,'Alexander Litvinovsky','Belarus'),(31,8,3,'Александр Литвиновский','Беларусь'),(32,8,4,'Alexander Alexandrowitsch Liwinowski','Belarus'),(33,9,1,'Альфонсо Лопес-Чоллет','Венесуэла'),(34,9,2,'Alfonso Lopez-Chollet','Venezuela'),(35,9,3,'Альфонсо Лопес-Чоллет','Венесуэла'),(36,9,4,'Alfonso Lopez-Chollet','Venezuela'),(37,10,1,'Альфред Шнитке','Ссср'),(38,10,2,'Alfred Schnitke','USSR'),(39,10,3,'Альфред Шнитке','Ссср'),(40,10,4,'Alfred Schnitke','Udssr'),(41,11,1,'Андрей Рубцов','Россия'),(42,11,2,'Andrew Rubtsov','Russia'),(43,11,3,'Андрей Рубцов','Россия'),(44,11,4,'Andrew Rubtsov','Russland'),(45,12,1,'Дмитрий Смольский','Беларусь'),(46,12,2,'Dmitry Smolsky','Belarus'),(47,12,3,'Дмитрий Смольский','Беларусь'),(48,12,4,'Dmitri Nikolajer Jesmolski','Belarus'),(49,13,1,'Эльмар Лэмпсон','Германия'),(50,13,2,'Elmar Lampson','Germany'),(51,13,3,'Эльмар Лэмпсон','Германия'),(52,13,4,'Elmar Lampson','Deutschland'),(53,14,1,'Эрик Фрайтаг','Австрия'),(54,14,2,'Erik Freitag','Austria'),(55,14,3,'Эрик Фрайтаг','Австрия'),(56,14,4,'Erik Freitag','Österreich'),(57,15,1,'Габриэле Прой','Австрия'),(58,15,2,'Gabriele Proy','Austria'),(59,15,4,'Gabriele Proy','Österreich'),(60,15,3,'Габриэле Прой','Австрия'),(61,16,1,'Галина Горелова','Беларусь'),(62,16,2,'Galina Gorelova','Belarus'),(63,16,3,'Галина Горелова','Беларусь'),(64,16,4,'Galina Alexandrowitsch Gorelowa','Belarus'),(65,17,1,'Гия Канчели','Грузия'),(66,17,2,'Giya Kantscheli','Georgia'),(67,17,3,'Гия Канцели','Грузия'),(68,17,4,'Giya Kantscheli','Georgien'),(69,18,1,'Хидаят Инаят Хан','Индия-Голландия'),(70,18,2,'Hidayat Inayat Khan','India-Holland'),(71,18,3,'Хидаят Инаят Хан','Индия-Голландия'),(72,18,4,'Hidayat Inayat Khan','Indien-Holland'),(73,19,1,'Жером Дюкро','Франция'),(74,19,2,'Jeproqme Ducros','France'),(75,19,3,'Джепрокме Дюкрос','Франция'),(76,19,4,'Jeproqme Ducros','Frankreich'),(77,20,1,'Кьелл Маркуссен','Норвегия'),(78,20,2,'Kjell Marcussen','Norway'),(79,20,3,'Кьелл Маркуссен','Норвегия'),(80,20,4,'Kjell Marcussen','Norwegen'),(81,21,1,'Кьелл Морк Карлсен','Норвегия'),(82,21,2,'Kjell Mork Karlsen','Norway'),(83,21,3,'Кьелл Морк Карлсен','Норвегия'),(84,21,4,'Kjell Mork Karlsen','Norwegen'),(85,22,1,'Лариса Симакович','Беларусь'),(86,22,2,'Laryssa Simakovich','Belarus'),(87,22,3,'Лариса Симакович','Беларусь'),(88,22,4,'Laryssa Simakovich','Belarus'),(89,23,1,'Михаил Броннер','Россия'),(90,23,2,'Mikhail Bronner','Russia'),(91,23,3,'Михаил Броннер','Россия'),(92,23,4,'Mikhail Bronner','Russland'),(93,24,1,'Олег Янченко','Ссср'),(94,24,2,'Oleg Jantchenko','USSR'),(95,24,4,'Oleg Jantschenko','Udssr'),(96,24,3,'Олег Янченко','Ссср'),(97,25,1,'Олеся Ростовская','Россия'),(98,25,2,'Olesya Rostovskaya','Russia'),(99,25,3,'Олеся Ростовская','Россия'),(100,25,4,'Olesja Rostowskaja','Russland'),(101,26,1,'Петерис Васкс','Латвия'),(102,26,2,'Peteris Vasks','Latvia'),(103,26,3,'Петерис Васкс','Латвия'),(104,26,4,'Peteris Vasks','Lettland'),(105,27,1,'Сергей Кортес','Беларусь'),(106,27,2,'Sergey Kortes','Belarus'),(107,27,3,'Сергей Кортес','Беларусь'),(108,27,4,'Sergei Alexandrowitsch Kortes','Belarus'),(109,28,1,'Стивен Прутсман','США'),(110,28,2,'Stephen Prutsman','USA'),(111,28,3,'Стивен Прутсман','США'),(112,28,4,'Stephen Prutsman','Usa'),(113,29,1,'Виктор Копытько','Беларусь'),(114,29,2,'Viktor Kopytsko','Belarus'),(115,29,3,'Виктор Копыцко','Беларусь'),(116,29,4,'Wiktor Alexandrowitsch Kopytsko','Belarus'),(117,30,1,'Владимир Беляев','Россия'),(118,30,2,'Vladimir Beliaev','Russia'),(119,30,3,'Владимир Беляев','Россия'),(120,30,4,'Wladimir Wladimirowitsch Beliajew','Russland'),(121,31,1,'Владимир Курян','Беларусь'),(122,31,2,'Vladimir Kurian','Belarus'),(123,31,3,'Владимир Курян','Беларусь'),(124,31,4,'Vladimir Kurian','Belarus'),(125,32,1,'Владимир Мишле','Россия'),(126,32,2,'Vladimir Mishle','Russia'),(127,32,3,'Владимир Мишле','Россия'),(128,32,4,'Vladimir Mishle','Russland'),(129,33,1,'Любовь Кунейко','Беларусь'),(130,33,2,'Lubov Kuneiko','Belarus'),(131,33,3,'Любовь Кунейко','Беларусь'),(132,33,4,'Lubov Kuneiko','Belarus'),(133,34,1,'Валерий Воронов','Беларусь'),(134,34,2,'Valery Voronov','Belarus'),(135,34,3,'Валерий Воронов','Беларусь'),(136,34,4,'Waleri Worow','Belarus');
/*!40000 ALTER TABLE `composers_translate` ENABLE KEYS */;
UNLOCK TABLES;

--
-- Table structure for table `concerts`
--

DROP TABLE IF EXISTS `concerts`;
/*!40101 SET @saved_cs_client     = @@character_set_client */;
/*!40101 SET character_set_client = utf8 */;
CREATE TABLE `concerts` (
  `id` int(11) NOT NULL AUTO_INCREMENT,
  `title` varchar(100) NOT NULL,
  `date` datetime DEFAULT NULL,
  `description` text DEFAULT NULL,
  `place` varchar(50) DEFAULT NULL,
  `ticket` varchar(100) NOT NULL DEFAULT '',
  `hidden` tinyint(4) NOT NULL DEFAULT 0,
  PRIMARY KEY (`id`)
) ENGINE=InnoDB AUTO_INCREMENT=51 DEFAULT CHARSET=utf8;
/*!40101 SET character_set_client = @saved_cs_client */;

--
-- Dumping data for table `concerts`
--

LOCK TABLES `concerts` WRITE;
/*!40000 ALTER TABLE `concerts` DISABLE KEYS */;
INSERT INTO `concerts` (`id`, `title`, `date`, `description`, `place`, `ticket`, `hidden`) VALUES (8,'Международный день музыки: Гала-концерт, посвящённый открытию 83-го филармонического сезона','2020-10-01 19:00:00','Государственный академический симфонический оркестр Республики Беларусь,\r\nГосударственная академическая хоровая капелла им. Г.Ширмы, Государственный камерный хор Республики Беларусь, Государственный камерный оркестр Республики Беларусь\r\n\r\nВ программе первого отделения:\r\nП.Чайковский-С.Рахманинов Колыбельная \r\nН.Паганини-Э.Изаи Вариации \r\nМ.Палмери Магнифика с камерным хором, банденеоном, фортепиано сопрано меццо-сопрано\r\n\r\nДирижёр - заслуженный артист России Евгений Бушков\r\n','Большой зал БГФ','https://tce.by/shows.html?base=Nzk0QjIxQ0QtRjE5QS02NzQ3LTlBNTAtN0ZCNkE5MDI2NUJE&data=5731',0),(9,'Цикл камерных концертов «Хорошо… без дирижёра» (концерт первый)','2021-03-16 19:00:00','В программе:\r\n1 отделение\r\nА.Бородин - Вариации на тему русской народной песни \"Чем я тебя огорчила\"\r\nИсп.: Олег Подов, Мария Ракель, Николай Киселев\r\nА.Глазунов - Вариации на русскую тему из сюиты ор.35\r\nИсп.: Олег Подов, Мария Ракель, Елена Сердюкова, Николай Киселев \r\nМ.Глинка - Большой секстет ми бемоль мажор\r\nИсп.: Олег Подов, Мария Ракель, Елена Сердюкова, Николай Киселев, Михаил Николайчик, Мария Ромейко \r\n2 отделение\r\nС.Танеев - Фортепианный квинтет\r\nИсп.: Павел Батян, Ольга Гуз, Елена Сердюкова, Александр Сердюков, Марина Ромейко','Малый зал','https://tce.by/shows.html?base=Nzk0QjIxQ0QtRjE5QS02NzQ3LTlBNTAtN0ZCNkE5MDI2NUJE&data=5724',0),(10,'Абонемент №5 «Классика – это классно»','2020-09-26 15:00:00','Концерт третий «ЮМОР В МУЗЫКЕ» \r\n\r\nЗаслуженный коллектив Республики Беларусь\r\nГосударственный камерный оркестр Республики Беларусь\r\n\r\nГлавный дирижёр – заслуженный артист Российской Федерации\r\nЕвгений Бушков','Большой зал БГФ','https://tce.by/shows.html?base=Nzk0QjIxQ0QtRjE5QS02NzQ3LTlBNTAtN0ZCNkE5MDI2NUJE&data=5645',0),(11,'Абонемент № 2 «Дебют юных талантов»','2020-10-03 15:00:00','Концерт четвёртый (перенос 12.04.2020)\r\n\r\nСолисты – учащиеся Республиканской гимназии-колледжа при Белорусской государственной академии музыки\r\n\r\nДирижёр – Александр Высоцкий\r\n\r\nМузыковед – Инна Карпук','Большой зал БГФ','https://tce.by/shows.html?base=Nzk0QjIxQ0QtRjE5QS02NzQ3LTlBNTAtN0ZCNkE5MDI2NUJE&data=5572',0),(13,'Открытие сезона Абонемент «Музыка и слово»','2020-10-28 19:00:00','В программе:\r\n\r\nШекспир-С.Прокофьев Ромео и Джульетта\r\nИ.Тургенев-Э.Шоссон Песнь торжествующей любви\r\nД.Гершвин Порги и Бес\r\n\r\nДирижёр - заслуженный артист России Евгений Бушков','Большой зал БГФ','',0),(14,'Абонемент №5 «Классика – это классно» (концерт первый)','2020-11-07 15:00:00','«Приключения Виолино»\r\n\r\nЗаслуженный коллектив Республики Беларусь\r\nГосударственный камерный оркестр Республики Беларусь\r\n\r\nГлавный дирижёр - заслуженный артист России\r\nЕвгений Бушков\r\n','Болшой зал БГФ','',0),(17,'210 лет со дня рождения Ф.Шопена','2020-11-19 19:00:00','Заслуженный коллектив Республики Беларусь\r\nГосударственный камерный оркестр Республики Беларусь совместно с оркестром Белорусской государственной акажемии музыки.\r\n\r\nДирижёр - заслуженный артист России Евгений Бушков.\r\nСолист Кирилл Кедук.\r\n','Большой зал БГФ','',0),(19,'«ЭРИК ФРАЙТАГ – 80! ФЕДЕРИКО ФЕЛЛИНИ – 100!»','2020-03-15 19:00:00','Заслуженный коллектив Республики Беларусь\r\nГосударственный камерный оркестр\r\nГлавный дирижер - заслуженный артист России Евгений Бушков\r\nСолисты –\r\nДиана Гонтаренко флейта\r\nПавел Батян скрипка\r\nОлег Подов скрипка\r\nАлександра Денисеня цимбалы\r\nВ программе:  произведения Э.Фрайтага, пьесы Ф.Крейслера в аранжировке Э.Фрайтага, музыка Н.Роты к кинофильмам Ф.Феллини','Большой зал БГФ','',0),(20,'Абонемент «ЮБИЛЕЙНЫЙ» концерт второй К 180-летию Петра Чайковского','2020-02-12 19:00:00','Солистка – лауреат международных конкурсов Антонина Жарова виолончель (Беларусь – Франция)\r\n\r\nДирижёр – Александр Высоцкий\r\nВ программе:\r\nП.Чайковский\r\n– Серенада До мажор для струнного оркестра, op.48\r\n– Вариации Ля мажор на тему рококо для виолончели с оркестром, op.33\r\n– Pezzo capriccioso си минор для виолончели и оркестра, op.62\r\n– Ноктюрн до-диез минор для виолончели с оркестром, op.19 №4\r\n– Избранные пьесы из цикла «Времена года», op.37A','Большой зал БГФ','',0),(21,'Абонемент № 2 \"Дебют юных талантов\" (концерт третий)','2020-03-01 15:00:00','Государственный камерный оркестр Республики Беларусь\r\nГлавный дирижёр – заслуженный артист России Евгений Бушков\r\nСолисты – учащиеся Республиканской гимназии-колледжа при Белорусской государственной академии музыки\r\nДирижёр – Александр Высоцкий\r\nМузыковед – Инна Карпук\r\n\r\n ','Большой зал БГФ','',0),(22,'Абонемент №5 \"Классика - это классно\" (концерт второй)','2020-02-08 15:00:00','В программе:\r\nЛ.Кунейко – «Гадкий утенок» мировая премьера\r\nП.Чайковский – Песни для детей, op.54 (переложение М.Коллонтая для детского хора, сопрано и струнного оркестра)\r\nВ концерте принимает участие детский хор «Поющие музыканты» Республиканской гимназии-колледжа при БГАМ\r\nХудожественный руководитель – Алла Мазурова','Большой зал БГФ','',0),(23,'Абонемент № 2 «Дебют юных талантов» (концерт второй)','2020-02-02 15:00:00','Государственный камерный оркестр Республики Беларусь\r\nГлавный дирижёр – заслуженный артист России Евгений Бушков\r\nСолисты – учащиеся Республиканской гимназии-колледжа при Белорусской государственной академии музыки\r\nДирижёр – Александр Высоцкий\r\nМузыковед – Инна Карпук','Большой зал БГФ','',0),(24,'Абонемент №4 «Для всех!»: Мартин Палмери - «Месса-Танго»','2019-12-12 19:00:00','Белорусский союз музыкальных деятелей\r\nБелорусская ассоциация хоровых дирижеров\r\nЦикл «Хоровые легенды»\r\n\r\nМесса-танго, Концерты «Зима» и «Лето» из цикла «О четырех временах года» для бандонеона с оркестром Мартина Палмери, Концерты для мандолины Антонио Вивальди и Рафаэле Калаче, а также «Рождественская фантазия» Елены Атрашкевич, Рождественские кэроллы Джона Раттера и знаменитые аргентинские танго в исполнении ведущих белорусских хоровых коллективов – всё это в концерте 12 декабря!\r\n\r\nГосударственный камерный оркестр Республики Беларусь\r\nХудожественный руководитель и главный дирижер – заслуженный артист России Евгений Бушков\r\nСтуденческий хор Белорусской государственной академии музыки\r\n(руководитель – Инесса Бодяко, хормейстер - Анна Арлукевич)\r\nХор «Gaudeamus» Белорусского государственного педагогического университета имени М.Танка\r\n(руководитель – Лариса Ядловская)\r\nЗаслуженный любительский коллектив Республики Беларусь хор «Крынічка» Минского государственного дворца детей и молодежи\r\n(руководитель – Наталья Суханова)\r\nНародный академический хор «Белая вежа» Брестского государственного технического университета\r\n(руководитель  – Ирина  Анголюк)\r\nЖенский хор «Мелодика» Минского государственного музыкального колледжа им. М.И. Глинки\r\n(руководитель – Ольга Крипец)\r\nМолодежный хор «Brevis» Минского государственного колледжа искусств\r\n(руководитель – Вячеслав Ларин)\r\nМолодежный хор Брестского музыкального колледжа им. Г. Ширмы\r\n(руководитель – Тамара Парфенова)\r\nОбразцовый хор «Тоника» Детской музыкальной школы искусств №1 им. Л.П.Александровской г.  Минска\r\n(руководитель – Алексей Снитко)\r\nОбразцовый хор «Кантилена» Детской музыкальной школы искусств №5 г. Минска\r\n(руководитель – Инна Моргачева)\r\nМладший хор мальчиков Республиканской гимназии-колледжа при БГАМ\r\n(руководитель – Ольга Ижик)\r\nХор мальчиков «Cantus»  Детской музыкальной школы искусств №19 г. Минска\r\n(руководитель – Елена Абрамович)\r\nОбразцовый хор мальчиков и юношей «ПАРУС» ДМШИ №2 им. Н.И.Аладова\r\n(руководитель – Юлия Юницкая)\r\n \r\nОбразцовый хор «ДЕЦИМА» ДМШИ №10 им. Е.А.Глебова г. Минска\r\n(руководитель – Алексей Климович) \r\nСолисты - Мартин Палмери фортепиано (Аргентина)\r\nДарио Полонара бандонеон (Аргентина)\r\nЖюльен Мартино мандолина (Франция)\r\nИрина Лой сопрано (Беларусь)\r\nДирижёр – Евгений Бушков','Большой зал БГФ','',0),(25,'Абонемент № 2 «Дебют юных талантов» (концерт первый)','2019-12-01 15:00:00','Государственный камерный оркестр Республики Беларусь\r\nГлавный дирижёр – заслуженный артист России Евгений Бушков\r\nСолисты – учащиеся Республиканской гимназии-колледжа при Белорусской государственной академии музыки\r\nДирижёр – Александр Высоцкий\r\nМузыковед – Инна Карпук','Большой зал БГФ','',0),(26,'Государственный камерный оркестр: Людвиг ван Бетховен','2019-11-27 19:00:00','Солисты – лауреаты международных конкурсов\r\nзаслуженная артистка России Наталия Трулль фортепиано (Россия)\r\nДмитрий Хахамов скрипка\r\nзаслуженный артист России Кирилл Родин виолончель\r\nДирижёр – заслуженный артист России Евгений Бушков\r\nВ программе:\r\n- Увертюра из балета «Творения Прометея», op.43\r\n- Симфония №1 До мажор, op.21\r\n- Тройной концерт До мажор для фортепиано, скрипки и виолончели с оркестром, op.56','Большой зал БГФ','',0),(27,'Абонемент №5 \"Классика - это классно\" (концерт первый)','2019-10-23 15:00:00','«Живые картинки»\r\nВ программе:\r\nП.Чайковский - Сюита из балета «Щелкунчик» (переложение для струнного оркестра)\r\nМ.Мусоргский – «Картинки с выставки» (оркестровка Ю.Туровского)','Большой зал БГФ','',0),(28,'Открытие сезона: к 100-летию со дня рождения М.Вайнберга','2019-09-19 19:00:00','Абонемент «Юбилейный» (три концерта) концерт первый\r\nОткрытие сезона\r\nк 100-летию со дня рождения Мечислава Вайнберга\r\n \r\nВ программе:\r\nЕ.Подгайц - Concerto Brevis для скрипки, виолончели и фортепиано с оркестром мировая премьера\r\nсолисты – лауреаты международных конкурсов\r\nПавел Батян скрипка\r\nАлександр Сердюков виолончель\r\nМарина Ромейко фортепиано\r\nЛ. ван Бетховен - Квартет №10 Ми-бемоль мажор, op.74 (переложение для оркестра Р.Баршая)\r\nМ.Вайнберг - Симфония №10 для камерного оркестра, op.98\r\nдирижер – Евгений Бушков','Большой зал','',0),(31,'Абонемент №4 «Для всех!»','2020-11-29 19:00:00','В программе:\r\nД.Пуччини Хризантемы – (?)\r\nД.Россини Соната для струнного оркестра №6\r\nА.Вивальди Концерт для оркестра Морская буря\r\nН.Паганини- Ф.Крейслер Кампанелла\r\nВитали (аранжировка Нордио) Чакона\r\nН.Рота Концерт для струнных\r\n\r\nСолист Доменико Нордио (Италия, скрипка)\r\nДирижёр – заслуженный артист России Евгений Бушков','Большой зал БГФ','https://tce.by/shows.html?base=Nzk0QjIxQ0QtRjE5QS02NzQ3LTlBNTAtN0ZCNkE5MDI2NUJE&data=5647',0),(32,'Абонемент «Юбилейный»: К 210-летию со дня рождения Ф.Шопена','2021-01-13 19:00:00','Дирижёр – заслуженный артист Российской Федерации Евгений Бушков\r\nСолисты – Виталий Стахиевич фортепиано (Беларусь – Нидерланды)\r\nВим Ван Хасселт труба (Бельгия)\r\nВ программе:\r\nЙ.Гайдн. Концерт Ми-бемоль мажор для трубы с оркестром, HOB VIIE: 1 \r\nФ.Шопен. Концерт №2 фа минор для фортепиано с оркестром, op.21\r\nБ.Барток. Дивертисмент для струнного оркестра, ВВ118\r\n\r\nКонцерт организован при содействии Посольства Республики Беларусь в Брюсселе, Посольства Республики Беларусь в Гааге, Программы Европейского Союза МОСТ, Адвокатов Hoorebeke (Бельгия)','Большой зал БГФ','',0),(34,'Польскі музычны досвед - Беларусь','2020-10-09 19:00:00','В программе:\r\n\r\nИгна́ций Ян Падере́вский Сюита G-dur\r\nКшиштоф Мейер Musica Concertante op.130\r\nТомаш Якуб Опалка Hemisphere 2\r\nДмитрий Шостакович Камерная симфония ор. 110\r\n\r\nДирижер Павел Котля\r\n','Малый зал','https://tce.by/shows.html?base=Nzk0QjIxQ0QtRjE5QS02NzQ3LTlBNTAtN0ZCNkE5MDI2NUJE&data=5745',0),(35,'Абонемент «Дебют юных талантов»','2020-11-15 15:00:00','Дирижёр Александр Высоцкий ','Большой зал БГФ','',0),(36,'Абонемент «Дебют юных талантов»','2020-12-13 15:00:00','Дирижёр Александр Высоцкий','Большой зал БГФ','',0),(37,'Цикл камерных концертов «Хорошо… без дирижёра» (концерт второй)','2020-12-15 19:00:00','К 250-летию со дня рождения Людвига ван Бетховена\r\n\r\nВ программе:\r\nЙ.Гайдн Лондонское трио\r\nКонстантин Сидорук, Сергей Терешков, Анна Круглик\r\nЛ.в.Бетховен Соната для скрипки и фортепиано №5 «Весенняя», op.24\r\nЕкатерина Мищанчук, Марина Ромейко\r\nЛ.в.Бетховен Дуэт для альта и виолончели «с двумя обязательными очками» Wo032\r\nЕлена Сердюкова, Александр Сердюков\r\nЛ.в.Бетховен Крейцерова соната, ор.47\r\nПавел Батян, Марина Ромейко\r\n','Малый зал','https://tce.by/shows.html?base=Nzk0QjIxQ0QtRjE5QS02NzQ3LTlBNTAtN0ZCNkE5MDI2NUJE&data=5725',0),(38,'Абонемент «Классика – это классно!»','2021-02-06 15:00:00','«Не Чу(і)ковский: от двух до пяти»\r\nДирижер Евгений Бушков\r\n','Большой зал БГФ','',0),(39,'Цикл камерных концертов «Хорошо… без дирижёра» (концерт третий)','2021-02-12 19:00:00',' К 180-летию Антонина Дворжака\r\n\r\nВ программе:\r\nР.Шуман Фантастические пьесы для виолончели и фортепиано, ор.73\r\nАлександр Сердюков, Марина Ромейко\r\nК.Шуман Трио для фортепиано скрипки и виолончели, ор.17\r\nА.Дворжак терцет, ор.74\r\nЕкатерина Мищанчук, Алексей Гурин, Юлия Подова\r\nА.Дворжак Фортепианный квинтет №2, ор.81\r\nАнастасия Карина, Кузьма Папакуля, Игорь Цховребов, Николай Киселёв, Марина Ромейко \r\n','Малый зал','https://tce.by/shows.html?base=Nzk0QjIxQ0QtRjE5QS02NzQ3LTlBNTAtN0ZCNkE5MDI2NUJE&data=5726',0),(40,'Абонемент «Музыка и слово»','2021-02-17 19:00:00','«Фауст» герой Гёте в музыке\r\n\r\nДирижёр Евгений Бушков\r\n','Большой зал БГФ','',0),(41,'Абонемент «Дебют юных талантов» ','2021-02-21 15:00:00','Дирижер Александр Высоцкий\r\n','Большой зал БГФ','',0),(42,'Абонемент «Дебют юных талантов»','2021-03-21 15:00:00','Дирижер Александр Высоцкий\r\n','Большой зал БГФ','',0),(43,'Абонемент «Классика – это классно!»','2021-04-10 15:00:00','«Венская симфония или Что было бы если бы Гайдн, Моцарт, Бетховен и Шуберт сочиняли вместе»\r\n','Большой зал БГФ','',0),(48,'«Волшебный звук в кругу альтистов»','2020-10-14 19:00:00','Государственный камерный оркестр Республики Беларусь\r\nГлавный дирижёр – заслуженный артист России Евгений Бушков\r\nАвтор проекта – Лючия Леонардовна Ластовка','Малый зал','',1);
/*!40000 ALTER TABLE `concerts` ENABLE KEYS */;
UNLOCK TABLES;

--
-- Table structure for table `languages`
--

DROP TABLE IF EXISTS `languages`;
/*!40101 SET @saved_cs_client     = @@character_set_client */;
/*!40101 SET character_set_client = utf8 */;
CREATE TABLE `languages` (
  `id` int(11) NOT NULL AUTO_INCREMENT,
  `name` varchar(2) DEFAULT NULL,
  PRIMARY KEY (`id`)
) ENGINE=InnoDB AUTO_INCREMENT=5 DEFAULT CHARSET=utf8mb4;
/*!40101 SET character_set_client = @saved_cs_client */;

--
-- Dumping data for table `languages`
--

LOCK TABLES `languages` WRITE;
/*!40000 ALTER TABLE `languages` DISABLE KEYS */;
INSERT INTO `languages` (`id`, `name`) VALUES (1,'ru'),(2,'en'),(3,'by'),(4,'de');
/*!40000 ALTER TABLE `languages` ENABLE KEYS */;
UNLOCK TABLES;

--
-- Table structure for table `musicians`
--

DROP TABLE IF EXISTS `musicians`;
/*!40101 SET @saved_cs_client     = @@character_set_client */;
/*!40101 SET character_set_client = utf8 */;
CREATE TABLE `musicians` (
  `id` int(11) NOT NULL AUTO_INCREMENT,
  `groupId` int(11) DEFAULT NULL,
  PRIMARY KEY (`id`)
) ENGINE=InnoDB AUTO_INCREMENT=40 DEFAULT CHARSET=utf8mb4;
/*!40101 SET character_set_client = @saved_cs_client */;

--
-- Dumping data for table `musicians`
--

LOCK TABLES `musicians` WRITE;
/*!40000 ALTER TABLE `musicians` DISABLE KEYS */;
INSERT INTO `musicians` (`id`, `groupId`) VALUES (1,1),(20,4),(22,1),(23,1),(24,1),(25,1),(26,1),(27,2),(28,2),(29,2),(30,2),(31,3),(32,3),(33,3),(34,4),(35,4),(36,5),(37,6),(38,2);
/*!40000 ALTER TABLE `musicians` ENABLE KEYS */;
UNLOCK TABLES;

--
-- Table structure for table `musicians_translate`
--

DROP TABLE IF EXISTS `musicians_translate`;
/*!40101 SET @saved_cs_client     = @@character_set_client */;
/*!40101 SET character_set_client = utf8 */;
CREATE TABLE `musicians_translate` (
  `id` int(11) NOT NULL AUTO_INCREMENT,
  `musicianId` int(11) DEFAULT NULL,
  `languageId` int(11) DEFAULT NULL,
  `name` varchar(45) DEFAULT NULL,
  `bio` longtext DEFAULT NULL,
  PRIMARY KEY (`id`)
) ENGINE=InnoDB AUTO_INCREMENT=85 DEFAULT CHARSET=utf8mb4;
/*!40101 SET character_set_client = @saved_cs_client */;

--
-- Dumping data for table `musicians_translate`
--

LOCK TABLES `musicians_translate` WRITE;
/*!40000 ALTER TABLE `musicians_translate` DISABLE KEYS */;
INSERT INTO `musicians_translate` (`id`, `musicianId`, `languageId`, `name`, `bio`) VALUES (1,1,1,'Олег Подов','Концертмейстер 1х'),(2,1,2,'Aleh Podau',''),(3,1,3,'Алег Подаў',NULL),(4,1,4,'Aleh Podau',NULL),(5,20,1,'Николай Киселев','Биография'),(6,20,2,'Nikolai Kiselyov','Biography'),(7,20,3,'Николай Киселев','Биография'),(8,20,4,'Nikolai Nikolade Nikolai Nikoladen','Biographie'),(13,22,1,'Екатерина Мищанчук',''),(14,22,2,'Ekaterina Mischanchuk',''),(15,22,3,'Екатерина Мищанчук',''),(16,22,4,'Jekaterina Mischantschuk',''),(17,23,1,'Павел Батян',''),(18,23,2,'Pavel Batyan',''),(19,23,3,'Павел Батян',''),(20,23,4,'Pawel Alexandroscher',''),(21,24,1,'Александра Чеховская',''),(22,24,2,'Alexandra Chekhovskaya',''),(23,24,3,'Александра Чеховская',''),(24,24,4,'Alexandra Tschechowskaja',''),(25,25,1,'Юлия Подова',''),(26,25,3,'Юлия Подова',''),(27,25,2,'Юлия Подова',''),(28,25,4,'Юлия Подова',''),(29,26,1,'Анастасия Каризна',''),(30,26,2,'Анастасия Каризна',''),(31,26,3,'Анастасия Каризна',''),(32,26,4,'Анастасия Каризна',''),(33,27,1,'Константин Сидорук','Концертмейстер 2х'),(34,27,2,'Konstantin Sidoruk','Concertmaster 2 x'),(35,27,3,'Константин Сидорук','Концертмейстер 2х'),(36,27,4,'Konstantin Sidoruk','Konzertmeister 2 x'),(37,28,1,'Ольга Гуз','Биография'),(38,28,2,'Olga Goose','Biography'),(39,28,3,'Ольга Гуз','Биография'),(40,28,4,'Olga Goose','Biographie'),(41,29,1,'Мария Ракель','Биография'),(42,29,2,'Maria Raquel','Biography'),(43,29,3,'Мария Ракель','Биография'),(44,29,4,'Maria Raquel','Biographie'),(45,30,1,'Сергей Терешков',''),(46,30,2,'Sergey Tereshkov',''),(47,30,3,'Сергей Терешков',''),(48,30,4,'Sergei Sergejewitsch Tereschkow',''),(49,31,1,'Елена Сердюкова','Биография'),(50,31,2,'Elena Serdyukova','Biography'),(51,31,3,'Елена Сердюкова','Биография'),(52,31,4,'Jelena Alexandrowna Serdjukowa','Biographie'),(53,32,1,'Игорь Цховребов','Биография'),(54,32,2,'Igor Tskhovrebov','Biography'),(55,32,3,'Игорь Цховребов','Биография'),(56,32,4,'Igor Tskhovrebov','Biographie'),(57,33,1,'Алексей Гурин','Биография'),(58,33,2,'Alexey Gurin','Biography'),(59,33,3,'Алексей Гурин','Биография'),(60,33,4,'Alexei Alexandrowitsch Gurin','Biographie'),(61,34,1,'Александр Сердюков','Биография'),(62,34,2,'Alexander Serdyukov','Biography'),(63,34,4,'Alexander Alexandrowitsch Serdjukow','Biographie'),(64,34,3,'Александр Сердюков','Биография'),(65,35,1,'Мария Круглик','Биография'),(66,35,2,'Maria Kruglik','Biography'),(67,35,3,'Мария Круглик','Биография'),(68,35,4,'Maria Kruglik','Biographie'),(69,36,1,'Михаил Николайчик','Биография'),(70,36,2,'Mikhail Nikolaichik','Biography'),(71,36,3,'Михаил Николайчик','Биография'),(72,36,4,'Michail Nikolaitschik','Biographie'),(73,37,1,'Марина Ромейко','Биография'),(74,37,2,'Marina Romeiko','Biography'),(75,37,3,'Марина Ромейко','Биография'),(76,37,4,'Marina Romeiko','Biographie'),(77,38,2,'Kuzma Papakul','Biography'),(78,38,1,'Кузьма Папакуль','Биография'),(79,38,3,'Кузьма Папакуль','Биография'),(80,38,4,'Kuzma Papakul','Biographie');
/*!40000 ALTER TABLE `musicians_translate` ENABLE KEYS */;
UNLOCK TABLES;

--
-- Table structure for table `news`
--

DROP TABLE IF EXISTS `news`;
/*!40101 SET @saved_cs_client     = @@character_set_client */;
/*!40101 SET character_set_client = utf8 */;
CREATE TABLE `news` (
  `id` int(11) NOT NULL AUTO_INCREMENT,
  `title` varchar(100) DEFAULT NULL,
  `date` datetime DEFAULT NULL,
  `text` text DEFAULT NULL,
  PRIMARY KEY (`id`)
) ENGINE=InnoDB AUTO_INCREMENT=12 DEFAULT CHARSET=utf8;
/*!40101 SET character_set_client = @saved_cs_client */;

--
-- Dumping data for table `news`
--

LOCK TABLES `news` WRITE;
/*!40000 ALTER TABLE `news` DISABLE KEYS */;
INSERT INTO `news` (`id`, `title`, `date`, `text`) VALUES (7,'ICHMOURATOV: ORCHESTRAL WORKS RELEASED','2020-12-07 19:00:00','ГКО РБ выпускает новый CD на одном из самых солидных английских лейблов в мире классической музыки «Chandos Records».  \r\nЭто уникальное событие в жизни коллектива стало возможным благодаря тесному сотрудничеству композитора из Канады Айрата Ишмуратова с главным дирижером ЗКР ГКО РБ Евгением Бушковым. Мы счастливы разделить нашу радость со всеми нашими поклонниками и абонементодержателями!\r\nOFFICIAL RELEASE: https://lnk.to/airat\r\nПервые отзывы международной критики:\r\nhttps://www.chandos.net/products/catalogue/CHAN%2020141\r\nhttps://www.opusklassiek.nl/cd-recensies/…/ichmouratov01.htm');
/*!40000 ALTER TABLE `news` ENABLE KEYS */;
UNLOCK TABLES;

--
-- Dumping events for database 'belscone_chamber'
--

--
-- Dumping routines for database 'belscone_chamber'
--
/*!40103 SET TIME_ZONE=@OLD_TIME_ZONE */;

/*!40101 SET SQL_MODE=@OLD_SQL_MODE */;
/*!40014 SET FOREIGN_KEY_CHECKS=@OLD_FOREIGN_KEY_CHECKS */;
/*!40014 SET UNIQUE_CHECKS=@OLD_UNIQUE_CHECKS */;
/*!40101 SET CHARACTER_SET_CLIENT=@OLD_CHARACTER_SET_CLIENT */;
/*!40101 SET CHARACTER_SET_RESULTS=@OLD_CHARACTER_SET_RESULTS */;
/*!40101 SET COLLATION_CONNECTION=@OLD_COLLATION_CONNECTION */;
/*!40111 SET SQL_NOTES=@OLD_SQL_NOTES */;

-- Dump completed on 2020-09-27 19:26:05
